Entity,Code,Year,Productivity: output per hour worked
Argentina,ARG,1950,3.7276742
Argentina,ARG,1951,3.7526677
Argentina,ARG,1952,3.3652332
Argentina,ARG,1953,3.522695
Argentina,ARG,1954,3.6234164
Argentina,ARG,1955,3.820403
Argentina,ARG,1956,3.8615587
Argentina,ARG,1957,4.0018334
Argentina,ARG,1958,4.240541
Argentina,ARG,1959,3.93428
Argentina,ARG,1960,4.165085
Argentina,ARG,1961,4.2599936
Argentina,ARG,1962,4.298306
Argentina,ARG,1963,4.1109223
Argentina,ARG,1964,4.2761
Argentina,ARG,1965,4.7605305
Argentina,ARG,1966,4.821608
Argentina,ARG,1967,4.940946
Argentina,ARG,1968,5.0403686
Argentina,ARG,1969,5.4847455
Argentina,ARG,1970,5.5949955
Argentina,ARG,1971,5.7174125
Argentina,ARG,1972,5.7707987
Argentina,ARG,1973,6.049992
Argentina,ARG,1974,6.12354
Argentina,ARG,1975,6.015602
Argentina,ARG,1976,6.0292716
Argentina,ARG,1977,6.2771564
Argentina,ARG,1978,6.141138
Argentina,ARG,1979,6.4327383
Argentina,ARG,1980,6.4590163
Argentina,ARG,1981,6.54121
Argentina,ARG,1982,6.8030505
Argentina,ARG,1983,7.2011805
Argentina,ARG,1984,7.5501113
Argentina,ARG,1985,7.3695316
Argentina,ARG,1986,8.01871
Argentina,ARG,1987,8.416937
Argentina,ARG,1988,8.84262
Argentina,ARG,1989,8.496987
Argentina,ARG,1990,9.34559
Argentina,ARG,1991,10.72936
Argentina,ARG,1992,12.5184765
Argentina,ARG,1993,14.229115
Argentina,ARG,1994,16.264364
Argentina,ARG,1995,19.057482
Argentina,ARG,1996,23.936634
Argentina,ARG,1997,23.406992
Argentina,ARG,1998,22.246105
Argentina,ARG,1999,20.943682
Argentina,ARG,2000,20.869158
Argentina,ARG,2001,20.300793
Argentina,ARG,2002,18.544622
Argentina,ARG,2003,19.140049
Argentina,ARG,2004,19.305756
Argentina,ARG,2005,19.672619
Argentina,ARG,2006,20.713331
Argentina,ARG,2007,21.948978
Argentina,ARG,2008,23.103422
Argentina,ARG,2009,22.24469
Argentina,ARG,2010,24.664722
Argentina,ARG,2011,27.121876
Argentina,ARG,2012,27.660812
Argentina,ARG,2013,27.395718
Argentina,ARG,2014,26.616257
Argentina,ARG,2015,26.997778
Argentina,ARG,2016,27.98419
Argentina,ARG,2017,30.95546
Argentina,ARG,2018,30.952593
Argentina,ARG,2019,29.42588
Australia,AUS,1950,15.326854
Australia,AUS,1951,14.583223
Australia,AUS,1952,14.244756
Australia,AUS,1953,15.922848
Australia,AUS,1954,16.903465
Australia,AUS,1955,17.536858
Australia,AUS,1956,17.582268
Australia,AUS,1957,17.63839
Australia,AUS,1958,19.052452
Australia,AUS,1959,20.235952
Australia,AUS,1960,20.1224
Australia,AUS,1961,20.69601
Australia,AUS,1962,21.355865
Australia,AUS,1963,22.279251
Australia,AUS,1964,22.616526
Australia,AUS,1965,22.28722
Australia,AUS,1966,23.039864
Australia,AUS,1967,23.400547
Australia,AUS,1968,24.619623
Australia,AUS,1969,25.82899
Australia,AUS,1970,25.910576
Australia,AUS,1971,26.630285
Australia,AUS,1972,27.428501
Australia,AUS,1973,28.128069
Australia,AUS,1974,26.41765
Australia,AUS,1975,27.250248
Australia,AUS,1976,27.906076
Australia,AUS,1977,28.141
Australia,AUS,1978,29.353878
Australia,AUS,1979,29.825207
Australia,AUS,1980,30.047503
Australia,AUS,1981,31.262638
Australia,AUS,1982,31.00233
Australia,AUS,1983,33.59127
Australia,AUS,1984,33.348927
Australia,AUS,1985,33.28966
Australia,AUS,1986,32.70697
Australia,AUS,1987,34.633392
Australia,AUS,1988,35.419254
Australia,AUS,1989,34.992744
Australia,AUS,1990,34.717422
Australia,AUS,1991,35.753605
Australia,AUS,1992,37.43999
Australia,AUS,1993,38.279926
Australia,AUS,1994,38.63741
Australia,AUS,1995,39.189438
Australia,AUS,1996,41.00176
Australia,AUS,1997,42.7722
Australia,AUS,1998,43.82873
Australia,AUS,1999,45.23416
Australia,AUS,2000,45.415455
Australia,AUS,2001,47.16524
Australia,AUS,2002,47.55953
Australia,AUS,2003,48.647198
Australia,AUS,2004,49.612198
Australia,AUS,2005,51.532955
Australia,AUS,2006,51.622116
Australia,AUS,2007,51.45444
Australia,AUS,2008,52.85944
Australia,AUS,2009,53.129284
Australia,AUS,2010,56.738533
Australia,AUS,2011,58.76907
Australia,AUS,2012,58.172035
Australia,AUS,2013,60.47338
Australia,AUS,2014,60.122875
Australia,AUS,2015,56.053726
Australia,AUS,2016,59.619713
Australia,AUS,2017,60.34168
Australia,AUS,2018,61.878532
Australia,AUS,2019,61.438488
Austria,AUT,1950,6.7967925
Austria,AUT,1951,7.0160127
Austria,AUT,1952,7.386129
Austria,AUT,1953,7.873534
Austria,AUT,1954,8.202217
Austria,AUT,1955,8.572045
Austria,AUT,1956,8.942056
Austria,AUT,1957,9.213891
Austria,AUT,1958,9.5254965
Austria,AUT,1959,9.716994
Austria,AUT,1960,10.225922
Austria,AUT,1961,10.795698
Austria,AUT,1962,11.221848
Austria,AUT,1963,11.838527
Austria,AUT,1964,12.501663
Austria,AUT,1965,13.064591
Austria,AUT,1966,13.925265
Austria,AUT,1967,14.681521
Austria,AUT,1968,15.617279
Austria,AUT,1969,16.530752
Austria,AUT,1970,18.078392
Austria,AUT,1971,18.890709
Austria,AUT,1972,19.690424
Austria,AUT,1973,20.484371
Austria,AUT,1974,20.085234
Austria,AUT,1975,21.07803
Austria,AUT,1976,21.563398
Austria,AUT,1977,22.143019
Austria,AUT,1978,22.688196
Austria,AUT,1979,23.097084
Austria,AUT,1980,23.132545
Austria,AUT,1981,24.011904
Austria,AUT,1982,24.280458
Austria,AUT,1983,24.949306
Austria,AUT,1984,24.873604
Austria,AUT,1985,25.388908
Austria,AUT,1986,26.524275
Austria,AUT,1987,27.812836
Austria,AUT,1988,29.295618
Austria,AUT,1989,30.260357
Austria,AUT,1990,31.620522
Austria,AUT,1991,32.5917
Austria,AUT,1992,34.509747
Austria,AUT,1993,35.524967
Austria,AUT,1994,37.20332
Austria,AUT,1995,39.36852
Austria,AUT,1996,39.323376
Austria,AUT,1997,40.81398
Austria,AUT,1998,42.53225
Austria,AUT,1999,43.386806
Austria,AUT,2000,45.390182
Austria,AUT,2001,44.377754
Austria,AUT,2002,45.44068
Austria,AUT,2003,46.49087
Austria,AUT,2004,48.04215
Austria,AUT,2005,52.797462
Austria,AUT,2006,53.47992
Austria,AUT,2007,54.648876
Austria,AUT,2008,55.810387
Austria,AUT,2009,54.958294
Austria,AUT,2010,56.444805
Austria,AUT,2011,57.740795
Austria,AUT,2012,58.960068
Austria,AUT,2013,58.534805
Austria,AUT,2014,61.13571
Austria,AUT,2015,62.702095
Austria,AUT,2016,62.37842
Austria,AUT,2017,64.780174
Austria,AUT,2018,65.06293
Austria,AUT,2019,65.15168
Bangladesh,BGD,1970,1.9758757
Bangladesh,BGD,1971,1.9720889
Bangladesh,BGD,1972,1.9011652
Bangladesh,BGD,1973,1.6317824
Bangladesh,BGD,1974,1.6356674
Bangladesh,BGD,1975,1.5350242
Bangladesh,BGD,1976,1.687655
Bangladesh,BGD,1977,1.7574726
Bangladesh,BGD,1978,1.7549671
Bangladesh,BGD,1979,1.8085406
Bangladesh,BGD,1980,1.7507269
Bangladesh,BGD,1981,1.7374474
Bangladesh,BGD,1982,1.6815083
Bangladesh,BGD,1983,1.6633503
Bangladesh,BGD,1984,1.7687905
Bangladesh,BGD,1985,1.8202491
Bangladesh,BGD,1986,1.8362675
Bangladesh,BGD,1987,1.8129264
Bangladesh,BGD,1988,1.8591352
Bangladesh,BGD,1989,2.0305157
Bangladesh,BGD,1990,2.0360405
Bangladesh,BGD,1991,2.0363715
Bangladesh,BGD,1992,2.0315714
Bangladesh,BGD,1993,2.0196857
Bangladesh,BGD,1994,2.047829
Bangladesh,BGD,1995,2.0752869
Bangladesh,BGD,1996,2.0698934
Bangladesh,BGD,1997,2.005104
Bangladesh,BGD,1998,1.9297974
Bangladesh,BGD,1999,1.8166075
Bangladesh,BGD,2000,1.8243959
Bangladesh,BGD,2001,1.8358469
Bangladesh,BGD,2002,1.8910693
Bangladesh,BGD,2003,1.9046307
Bangladesh,BGD,2004,1.9024031
Bangladesh,BGD,2005,1.9349834
Bangladesh,BGD,2006,2.0549672
Bangladesh,BGD,2007,2.224288
Bangladesh,BGD,2008,2.424032
Bangladesh,BGD,2009,2.5682456
Bangladesh,BGD,2010,2.787817
Bangladesh,BGD,2011,3.2355232
Bangladesh,BGD,2012,3.3843846
Bangladesh,BGD,2013,3.6154296
Bangladesh,BGD,2014,3.7923138
Bangladesh,BGD,2015,4.0340605
Bangladesh,BGD,2016,4.1130853
Bangladesh,BGD,2017,4.3076367
Bangladesh,BGD,2018,4.59153
Bangladesh,BGD,2019,4.791032
Belgium,BEL,1950,9.94314
Belgium,BEL,1951,10.412888
Belgium,BEL,1952,10.693442
Belgium,BEL,1953,11.086224
Belgium,BEL,1954,11.657062
Belgium,BEL,1955,12.236811
Belgium,BEL,1956,12.642281
Belgium,BEL,1957,12.831566
Belgium,BEL,1958,12.87857
Belgium,BEL,1959,13.44223
Belgium,BEL,1960,13.883655
Belgium,BEL,1961,14.612758
Belgium,BEL,1962,15.258905
Belgium,BEL,1963,15.8409395
Belgium,BEL,1964,16.788185
Belgium,BEL,1965,17.418419
Belgium,BEL,1966,17.935627
Belgium,BEL,1967,18.814426
Belgium,BEL,1968,19.754189
Belgium,BEL,1969,20.743181
Belgium,BEL,1970,22.066738
Belgium,BEL,1971,22.896698
Belgium,BEL,1972,24.705898
Belgium,BEL,1973,26.589188
Belgium,BEL,1974,27.868486
Belgium,BEL,1975,28.191437
Belgium,BEL,1976,30.153198
Belgium,BEL,1977,31.17045
Belgium,BEL,1978,32.67755
Belgium,BEL,1979,33.714867
Belgium,BEL,1980,36.538177
Belgium,BEL,1981,35.961025
Belgium,BEL,1982,35.55492
Belgium,BEL,1983,34.816666
Belgium,BEL,1984,34.224102
Belgium,BEL,1985,32.248432
Belgium,BEL,1986,34.75912
Belgium,BEL,1987,36.761803
Belgium,BEL,1988,39.16166
Belgium,BEL,1989,39.83133
Belgium,BEL,1990,40.869923
Belgium,BEL,1991,42.31519
Belgium,BEL,1992,44.594162
Belgium,BEL,1993,46.442467
Belgium,BEL,1994,47.816906
Belgium,BEL,1995,48.26082
Belgium,BEL,1996,48.773266
Belgium,BEL,1997,50.29988
Belgium,BEL,1998,49.44472
Belgium,BEL,1999,51.10491
Belgium,BEL,2000,52.970646
Belgium,BEL,2001,52.792484
Belgium,BEL,2002,53.71766
Belgium,BEL,2003,55.915703
Belgium,BEL,2004,57.090435
Belgium,BEL,2005,63.273796
Belgium,BEL,2006,60.26023
Belgium,BEL,2007,61.016037
Belgium,BEL,2008,65.654396
Belgium,BEL,2009,64.385025
Belgium,BEL,2010,69.09867
Belgium,BEL,2011,67.528786
Belgium,BEL,2012,67.90891
Belgium,BEL,2013,67.90904
Belgium,BEL,2014,68.081566
Belgium,BEL,2015,66.488235
Belgium,BEL,2016,66.85479
Belgium,BEL,2017,68.51652
Belgium,BEL,2018,66.245094
Belgium,BEL,2019,66.26524
Brazil,BRA,1950,2.5495155
Brazil,BRA,1951,2.5436735
Brazil,BRA,1952,2.7247734
Brazil,BRA,1953,2.726391
Brazil,BRA,1954,2.8643858
Brazil,BRA,1955,2.9838479
Brazil,BRA,1956,2.993859
Brazil,BRA,1957,3.1496594
Brazil,BRA,1958,3.2231312
Brazil,BRA,1959,3.2603498
Brazil,BRA,1960,3.4564524
Brazil,BRA,1961,3.843372
Brazil,BRA,1962,4.0359454
Brazil,BRA,1963,4.2099233
Brazil,BRA,1964,4.290529
Brazil,BRA,1965,4.448137
Brazil,BRA,1966,4.5464325
Brazil,BRA,1967,4.8078704
Brazil,BRA,1968,5.1697
Brazil,BRA,1969,5.1182575
Brazil,BRA,1970,5.6747894
Brazil,BRA,1971,6.0639844
Brazil,BRA,1972,6.4906282
Brazil,BRA,1973,6.6190286
Brazil,BRA,1974,7.0814433
Brazil,BRA,1975,7.2509727
Brazil,BRA,1976,7.7251
Brazil,BRA,1977,7.259542
Brazil,BRA,1978,7.3717403
Brazil,BRA,1979,8.0860195
Brazil,BRA,1980,8.250562
Brazil,BRA,1981,8.253053
Brazil,BRA,1982,8.056729
Brazil,BRA,1983,7.842175
Brazil,BRA,1984,7.8956366
Brazil,BRA,1985,7.777703
Brazil,BRA,1986,8.696103
Brazil,BRA,1987,8.725506
Brazil,BRA,1988,8.544542
Brazil,BRA,1989,8.606755
Brazil,BRA,1990,8.242826
Brazil,BRA,1991,9.07414
Brazil,BRA,1992,9.409157
Brazil,BRA,1993,10.025202
Brazil,BRA,1994,11.191038
Brazil,BRA,1995,12.966644
Brazil,BRA,1996,15.900982
Brazil,BRA,1997,15.198671
Brazil,BRA,1998,14.644109
Brazil,BRA,1999,13.644428
Brazil,BRA,2000,13.205463
Brazil,BRA,2001,13.1499
Brazil,BRA,2002,12.790789
Brazil,BRA,2003,12.609983
Brazil,BRA,2004,12.661911
Brazil,BRA,2005,12.894449
Brazil,BRA,2006,13.6727295
Brazil,BRA,2007,15.1835165
Brazil,BRA,2008,16.644289
Brazil,BRA,2009,17.25405
Brazil,BRA,2010,19.317396
Brazil,BRA,2011,20.919428
Brazil,BRA,2012,20.70806
Brazil,BRA,2013,20.708025
Brazil,BRA,2014,20.427624
Brazil,BRA,2015,19.356064
Brazil,BRA,2016,18.864923
Brazil,BRA,2017,19.188293
Brazil,BRA,2018,19.362707
Brazil,BRA,2019,19.195236
Bulgaria,BGR,1995,15.871054
Bulgaria,BGR,1996,15.218238
Bulgaria,BGR,1997,11.6641445
Bulgaria,BGR,1998,14.167984
Bulgaria,BGR,1999,14.213296
Bulgaria,BGR,2000,15.97558
Bulgaria,BGR,2001,16.91231
Bulgaria,BGR,2002,17.264715
Bulgaria,BGR,2003,17.42531
Bulgaria,BGR,2004,17.387133
Bulgaria,BGR,2005,19.274733
Bulgaria,BGR,2006,19.62069
Bulgaria,BGR,2007,20.245644
Bulgaria,BGR,2008,20.501387
Bulgaria,BGR,2009,21.017033
Bulgaria,BGR,2010,23.100565
Bulgaria,BGR,2011,23.712515
Bulgaria,BGR,2012,24.541597
Bulgaria,BGR,2013,23.3278
Bulgaria,BGR,2014,23.708328
Bulgaria,BGR,2015,24.152256
Bulgaria,BGR,2016,25.448772
Bulgaria,BGR,2017,25.392122
Bulgaria,BGR,2018,26.212673
Bulgaria,BGR,2019,26.554285
Cambodia,KHM,1993,1.4276047
Cambodia,KHM,1994,1.5565166
Cambodia,KHM,1995,1.6360574
Cambodia,KHM,1996,1.5068518
Cambodia,KHM,1997,1.4833804
Cambodia,KHM,1998,1.3490212
Cambodia,KHM,1999,1.3725711
Cambodia,KHM,2000,1.4149227
Cambodia,KHM,2001,1.3620656
Cambodia,KHM,2002,1.3941027
Cambodia,KHM,2003,1.4804914
Cambodia,KHM,2004,1.5548357
Cambodia,KHM,2005,1.7654465
Cambodia,KHM,2006,1.8179532
Cambodia,KHM,2007,1.9759583
Cambodia,KHM,2008,2.1253846
Cambodia,KHM,2009,1.9446102
Cambodia,KHM,2010,1.9493625
Cambodia,KHM,2011,2.0494177
Cambodia,KHM,2012,2.262898
Cambodia,KHM,2013,2.4935715
Cambodia,KHM,2014,2.528299
Cambodia,KHM,2015,2.7521517
Cambodia,KHM,2016,2.828313
Cambodia,KHM,2017,3.02265
Cambodia,KHM,2018,3.2637424
Cambodia,KHM,2019,3.4332101
Canada,CAN,1950,13.109431
Canada,CAN,1951,13.310611
Canada,CAN,1952,14.433081
Canada,CAN,1953,15.032083
Canada,CAN,1954,15.145221
Canada,CAN,1955,16.41964
Canada,CAN,1956,17.13559
Canada,CAN,1957,17.511963
Canada,CAN,1958,18.609625
Canada,CAN,1959,19.062283
Canada,CAN,1960,19.937597
Canada,CAN,1961,20.95527
Canada,CAN,1962,21.770847
Canada,CAN,1963,22.589294
Canada,CAN,1964,23.496054
Canada,CAN,1965,24.156694
Canada,CAN,1966,25.242016
Canada,CAN,1967,25.63635
Canada,CAN,1968,27.306343
Canada,CAN,1969,28.130598
Canada,CAN,1970,29.226566
Canada,CAN,1971,30.32986
Canada,CAN,1972,31.025532
Canada,CAN,1973,31.749811
Canada,CAN,1974,31.120964
Canada,CAN,1975,31.556856
Canada,CAN,1976,33.140583
Canada,CAN,1977,34.070026
Canada,CAN,1978,34.351818
Canada,CAN,1979,34.10858
Canada,CAN,1980,33.980278
Canada,CAN,1981,34.487015
Canada,CAN,1982,35.2997
Canada,CAN,1983,36.363117
Canada,CAN,1984,37.683777
Canada,CAN,1985,37.160995
Canada,CAN,1986,36.62128
Canada,CAN,1987,37.873367
Canada,CAN,1988,38.411175
Canada,CAN,1989,39.153515
Canada,CAN,1990,39.458393
Canada,CAN,1991,39.580822
Canada,CAN,1992,40.403233
Canada,CAN,1993,41.056454
Canada,CAN,1994,41.86076
Canada,CAN,1995,43.244484
Canada,CAN,1996,43.56252
Canada,CAN,1997,44.49898
Canada,CAN,1998,44.221897
Canada,CAN,1999,46.135338
Canada,CAN,2000,48.0997
Canada,CAN,2001,47.65457
Canada,CAN,2002,47.368656
Canada,CAN,2003,48.947586
Canada,CAN,2004,49.97147
Canada,CAN,2005,53.21647
Canada,CAN,2006,52.629272
Canada,CAN,2007,52.54481
Canada,CAN,2008,53.956257
Canada,CAN,2009,50.187183
Canada,CAN,2010,52.5742
Canada,CAN,2011,54.738247
Canada,CAN,2012,54.253727
Canada,CAN,2013,55.697662
Canada,CAN,2014,57.38791
Canada,CAN,2015,53.85795
Canada,CAN,2016,54.124077
Canada,CAN,2017,56.25572
Canada,CAN,2018,56.634796
Canada,CAN,2019,57.244343
Chile,CHL,1951,5.5921326
Chile,CHL,1952,6.0218053
Chile,CHL,1953,6.131721
Chile,CHL,1954,6.5281677
Chile,CHL,1955,6.338384
Chile,CHL,1956,6.20075
Chile,CHL,1957,6.8051887
Chile,CHL,1958,7.0324726
Chile,CHL,1959,6.9309835
Chile,CHL,1960,7.3280573
Chile,CHL,1961,7.0301957
Chile,CHL,1962,8.722542
Chile,CHL,1963,9.074608
Chile,CHL,1964,9.252068
Chile,CHL,1965,8.736322
Chile,CHL,1966,9.539887
Chile,CHL,1967,10.731418
Chile,CHL,1968,10.425693
Chile,CHL,1969,10.844285
Chile,CHL,1970,11.469013
Chile,CHL,1971,11.988064
Chile,CHL,1972,11.477937
Chile,CHL,1973,11.165739
Chile,CHL,1974,11.029987
Chile,CHL,1975,9.539661
Chile,CHL,1976,9.726201
Chile,CHL,1977,10.289013
Chile,CHL,1978,10.876611
Chile,CHL,1979,11.4169035
Chile,CHL,1980,11.384216
Chile,CHL,1981,11.511819
Chile,CHL,1982,11.05627
Chile,CHL,1983,10.234632
Chile,CHL,1984,9.979272
Chile,CHL,1985,9.420758
Chile,CHL,1986,9.263736
Chile,CHL,1987,9.521081
Chile,CHL,1988,10.019357
Chile,CHL,1989,10.428452
Chile,CHL,1990,10.217053
Chile,CHL,1991,10.965407
Chile,CHL,1992,11.760703
Chile,CHL,1993,12.317478
Chile,CHL,1994,13.427241
Chile,CHL,1995,15.035986
Chile,CHL,1996,15.147533
Chile,CHL,1997,15.38203
Chile,CHL,1998,14.596497
Chile,CHL,1999,14.155196
Chile,CHL,2000,14.319135
Chile,CHL,2001,14.177331
Chile,CHL,2002,13.952596
Chile,CHL,2003,14.278694
Chile,CHL,2004,15.642367
Chile,CHL,2005,17.545631
Chile,CHL,2006,19.737719
Chile,CHL,2007,21.209396
Chile,CHL,2008,20.655039
Chile,CHL,2009,21.182268
Chile,CHL,2010,23.995832
Chile,CHL,2011,26.033329
Chile,CHL,2012,26.869024
Chile,CHL,2013,27.298716
Chile,CHL,2014,27.769316
Chile,CHL,2015,27.039087
Chile,CHL,2016,26.58352
Chile,CHL,2017,27.260792
Chile,CHL,2018,28.114603
Chile,CHL,2019,28.418756
China,CHN,1970,1.4994909
China,CHN,1971,1.5798508
China,CHN,1972,1.492279
China,CHN,1973,1.5905421
China,CHN,1974,1.5722494
China,CHN,1975,1.5965048
China,CHN,1976,1.4927917
China,CHN,1977,1.5616083
China,CHN,1978,1.7562629
China,CHN,1979,1.7937474
China,CHN,1980,1.7565327
China,CHN,1981,1.6996822
China,CHN,1982,1.7360451
China,CHN,1983,1.8232234
China,CHN,1984,2.0174322
China,CHN,1985,2.2257786
China,CHN,1986,2.2396414
China,CHN,1987,2.3069808
China,CHN,1988,2.379545
China,CHN,1989,2.2952845
China,CHN,1990,2.189328
China,CHN,1991,2.25109
China,CHN,1992,2.432315
China,CHN,1993,2.6291595
China,CHN,1994,2.7920673
China,CHN,1995,3.0420306
China,CHN,1996,3.2180831
China,CHN,1997,3.2628345
China,CHN,1998,3.2003472
China,CHN,1999,3.320289
China,CHN,2000,3.524101
China,CHN,2001,3.775427
China,CHN,2002,4.0724883
China,CHN,2003,4.3798833
China,CHN,2004,4.7892036
China,CHN,2005,5.240103
China,CHN,2006,5.70952
China,CHN,2007,6.339555
China,CHN,2008,6.7905946
China,CHN,2009,7.314836
China,CHN,2010,8.160233
China,CHN,2011,8.755135
China,CHN,2012,9.246322
China,CHN,2013,9.604797
China,CHN,2014,10.032687
China,CHN,2015,10.392884
China,CHN,2016,10.742945
China,CHN,2017,11.3577385
China,CHN,2018,11.380233
China,CHN,2019,11.692401
Colombia,COL,1950,5.212069
Colombia,COL,1951,5.2169585
Colombia,COL,1952,5.488161
Colombia,COL,1953,5.8757877
Colombia,COL,1954,6.3459153
Colombia,COL,1955,6.4887123
Colombia,COL,1956,6.525702
Colombia,COL,1957,6.401223
Colombia,COL,1958,6.2869716
Colombia,COL,1959,6.5528708
Colombia,COL,1960,6.8252225
Colombia,COL,1961,7.0955415
Colombia,COL,1962,7.2613964
Colombia,COL,1963,7.305476
Colombia,COL,1964,7.7356954
Colombia,COL,1965,7.5665483
Colombia,COL,1966,7.7332644
Colombia,COL,1967,7.7763033
Colombia,COL,1968,8.016389
Colombia,COL,1969,8.292535
Colombia,COL,1970,8.658013
Colombia,COL,1971,9.3207855
Colombia,COL,1972,9.962814
Colombia,COL,1973,10.742559
Colombia,COL,1974,11.288453
Colombia,COL,1975,11.386851
Colombia,COL,1976,11.813872
Colombia,COL,1977,11.88478
Colombia,COL,1978,12.485811
Colombia,COL,1979,12.622362
Colombia,COL,1980,13.006309
Colombia,COL,1981,12.575456
Colombia,COL,1982,12.480529
Colombia,COL,1983,12.470107
Colombia,COL,1984,12.669176
Colombia,COL,1985,12.3817625
Colombia,COL,1986,12.767563
Colombia,COL,1987,12.30303
Colombia,COL,1988,12.297837
Colombia,COL,1989,12.063895
Colombia,COL,1990,12.202242
Colombia,COL,1991,11.571942
Colombia,COL,1992,12.032496
Colombia,COL,1993,12.007203
Colombia,COL,1994,12.118897
Colombia,COL,1995,12.136691
Colombia,COL,1996,12.026752
Colombia,COL,1997,12.097997
Colombia,COL,1998,11.842075
Colombia,COL,1999,11.3847885
Colombia,COL,2000,11.04398
Colombia,COL,2001,11.027083
Colombia,COL,2002,10.495688
Colombia,COL,2003,10.553985
Colombia,COL,2004,10.728965
Colombia,COL,2005,10.961963
Colombia,COL,2006,11.455455
Colombia,COL,2007,11.84688
Colombia,COL,2008,12.6653185
Colombia,COL,2009,12.9909935
Colombia,COL,2010,13.992607
Colombia,COL,2011,15.261172
Colombia,COL,2012,15.648261
Colombia,COL,2013,15.742564
Colombia,COL,2014,16.171175
Colombia,COL,2015,15.556253
Colombia,COL,2016,15.507443
Colombia,COL,2017,15.632915
Colombia,COL,2018,16.24981
Colombia,COL,2019,16.958618
Costa Rica,CRI,1987,10.304371
Costa Rica,CRI,1988,10.34842
Costa Rica,CRI,1989,10.515163
Costa Rica,CRI,1990,10.407295
Costa Rica,CRI,1991,10.783928
Costa Rica,CRI,1992,10.975786
Costa Rica,CRI,1993,11.425903
Costa Rica,CRI,1994,11.457872
Costa Rica,CRI,1995,11.751092
Costa Rica,CRI,1996,11.078427
Costa Rica,CRI,1997,11.226522
Costa Rica,CRI,1998,11.975157
Costa Rica,CRI,1999,11.688505
Costa Rica,CRI,2000,11.7755375
Costa Rica,CRI,2001,12.216593
Costa Rica,CRI,2002,11.855461
Costa Rica,CRI,2003,11.971055
Costa Rica,CRI,2004,12.049881
Costa Rica,CRI,2005,12.674956
Costa Rica,CRI,2006,12.448823
Costa Rica,CRI,2007,12.474863
Costa Rica,CRI,2008,12.858949
Costa Rica,CRI,2009,13.92298
Costa Rica,CRI,2010,14.393219
Costa Rica,CRI,2011,14.72274
Costa Rica,CRI,2012,16.007177
Costa Rica,CRI,2013,15.922192
Costa Rica,CRI,2014,16.74481
Costa Rica,CRI,2015,17.4247
Costa Rica,CRI,2016,17.779793
Costa Rica,CRI,2017,18.72804
Costa Rica,CRI,2018,19.487766
Costa Rica,CRI,2019,20.024153
Croatia,HRV,1995,14.890187
Croatia,HRV,1996,15.311452
Croatia,HRV,1997,16.620672
Croatia,HRV,1998,17.223452
Croatia,HRV,1999,17.612299
Croatia,HRV,2000,18.520042
Croatia,HRV,2001,19.14866
Croatia,HRV,2002,20.48642
Croatia,HRV,2003,21.303438
Croatia,HRV,2004,21.742834
Croatia,HRV,2005,23.412586
Croatia,HRV,2006,24.864307
Croatia,HRV,2007,26.065681
Croatia,HRV,2008,27.103188
Croatia,HRV,2009,26.007278
Croatia,HRV,2010,26.562008
Croatia,HRV,2011,28.587975
Croatia,HRV,2012,29.960676
Croatia,HRV,2013,29.518702
Croatia,HRV,2014,28.81806
Croatia,HRV,2015,30.722673
Croatia,HRV,2016,31.301752
Croatia,HRV,2017,33.157127
Croatia,HRV,2018,32.155815
Croatia,HRV,2019,32.262863
Cyprus,CYP,1995,31.736198
Cyprus,CYP,1996,31.336063
Cyprus,CYP,1997,32.127403
Cyprus,CYP,1998,31.289942
Cyprus,CYP,1999,32.990593
Cyprus,CYP,2000,37.073933
Cyprus,CYP,2001,36.84264
Cyprus,CYP,2002,35.53141
Cyprus,CYP,2003,32.61625
Cyprus,CYP,2004,32.660805
Cyprus,CYP,2005,37.081375
Cyprus,CYP,2006,37.981335
Cyprus,CYP,2007,38.346024
Cyprus,CYP,2008,39.743683
Cyprus,CYP,2009,40.4957
Cyprus,CYP,2010,41.430702
Cyprus,CYP,2011,41.143955
Cyprus,CYP,2012,43.860336
Cyprus,CYP,2013,42.46294
Cyprus,CYP,2014,40.367233
Cyprus,CYP,2015,41.750725
Cyprus,CYP,2016,43.303314
Cyprus,CYP,2017,42.592216
Cyprus,CYP,2018,41.64566
Cyprus,CYP,2019,42.394142
Czechia,CZE,1993,22.713095
Czechia,CZE,1994,23.92454
Czechia,CZE,1995,24.41806
Czechia,CZE,1996,25.458124
Czechia,CZE,1997,24.658945
Czechia,CZE,1998,23.894592
Czechia,CZE,1999,24.11468
Czechia,CZE,2000,24.99341
Czechia,CZE,2001,27.296064
Czechia,CZE,2002,26.66842
Czechia,CZE,2003,28.30444
Czechia,CZE,2004,28.998938
Czechia,CZE,2005,30.995367
Czechia,CZE,2006,31.548971
Czechia,CZE,2007,33.9257
Czechia,CZE,2008,34.9061
Czechia,CZE,2009,34.344757
Czechia,CZE,2010,34.754707
Czechia,CZE,2011,35.788155
Czechia,CZE,2012,36.074688
Czechia,CZE,2013,35.771816
Czechia,CZE,2014,36.94107
Czechia,CZE,2015,37.861492
Czechia,CZE,2016,37.674496
Czechia,CZE,2017,39.42305
Czechia,CZE,2018,40.233643
Czechia,CZE,2019,40.932842
Denmark,DNK,1950,11.126337
Denmark,DNK,1951,10.884768
Denmark,DNK,1952,11.300657
Denmark,DNK,1953,11.838272
Denmark,DNK,1954,12.213473
Denmark,DNK,1955,12.290739
Denmark,DNK,1956,12.706077
Denmark,DNK,1957,13.414882
Denmark,DNK,1958,13.721625
Denmark,DNK,1959,14.685602
Denmark,DNK,1960,15.42355
Denmark,DNK,1961,16.064203
Denmark,DNK,1962,16.478182
Denmark,DNK,1963,16.441538
Denmark,DNK,1964,17.316753
Denmark,DNK,1965,17.638227
Denmark,DNK,1966,17.69067
Denmark,DNK,1967,18.918356
Denmark,DNK,1968,20.30922
Denmark,DNK,1969,21.647964
Denmark,DNK,1970,21.92385
Denmark,DNK,1971,23.027967
Denmark,DNK,1972,24.29546
Denmark,DNK,1973,25.54746
Denmark,DNK,1974,25.632261
Denmark,DNK,1975,26.708607
Denmark,DNK,1976,27.579632
Denmark,DNK,1977,28.786543
Denmark,DNK,1978,29.802046
Denmark,DNK,1979,30.885096
Denmark,DNK,1980,30.962759
Denmark,DNK,1981,30.940481
Denmark,DNK,1982,31.15781
Denmark,DNK,1983,31.551912
Denmark,DNK,1984,31.861483
Denmark,DNK,1985,31.912687
Denmark,DNK,1986,33.409554
Denmark,DNK,1987,34.8432
Denmark,DNK,1988,35.508083
Denmark,DNK,1989,36.199947
Denmark,DNK,1990,37.689945
Denmark,DNK,1991,38.28121
Denmark,DNK,1992,39.69486
Denmark,DNK,1993,40.130573
Denmark,DNK,1994,42.327744
Denmark,DNK,1995,43.13151
Denmark,DNK,1996,44.58613
Denmark,DNK,1997,45.786285
Denmark,DNK,1998,46.091236
Denmark,DNK,1999,47.36426
Denmark,DNK,2000,49.45022
Denmark,DNK,2001,48.86709
Denmark,DNK,2002,48.93154
Denmark,DNK,2003,50.505646
Denmark,DNK,2004,53.430977
Denmark,DNK,2005,57.733273
Denmark,DNK,2006,58.512756
Denmark,DNK,2007,59.79641
Denmark,DNK,2008,62.95679
Denmark,DNK,2009,62.821857
Denmark,DNK,2010,68.3601
Denmark,DNK,2011,69.12133
Denmark,DNK,2012,69.71549
Denmark,DNK,2013,68.29498
Denmark,DNK,2014,68.46331
Denmark,DNK,2015,67.80658
Denmark,DNK,2016,69.00419
Denmark,DNK,2017,72.54114
Denmark,DNK,2018,73.471725
Denmark,DNK,2019,76.00354
Dominican Republic,DOM,1990,7.970508
Dominican Republic,DOM,1991,7.6652966
Dominican Republic,DOM,1992,8.44671
Dominican Republic,DOM,1993,8.843941
Dominican Republic,DOM,1994,9.257128
Dominican Republic,DOM,1995,9.373549
Dominican Republic,DOM,1996,9.752136
Dominican Republic,DOM,1997,10.190414
Dominican Republic,DOM,1998,10.275898
Dominican Republic,DOM,1999,10.516266
Dominican Republic,DOM,2000,10.741322
Dominican Republic,DOM,2001,12.159381
Dominican Republic,DOM,2002,11.998438
Dominican Republic,DOM,2003,11.167237
Dominican Republic,DOM,2004,11.204515
Dominican Republic,DOM,2005,12.313813
Dominican Republic,DOM,2006,13.39217
Dominican Republic,DOM,2007,14.156733
Dominican Republic,DOM,2008,13.8189745
Dominican Republic,DOM,2009,14.579355
Dominican Republic,DOM,2010,15.407397
Dominican Republic,DOM,2011,15.218588
Dominican Republic,DOM,2012,15.260428
Dominican Republic,DOM,2013,15.17758
Dominican Republic,DOM,2014,14.930788
Dominican Republic,DOM,2015,15.97378
Dominican Republic,DOM,2016,16.787802
Dominican Republic,DOM,2017,16.889729
Dominican Republic,DOM,2018,17.066357
Dominican Republic,DOM,2019,17.53021
Ecuador,ECU,1995,8.462219
Ecuador,ECU,1996,8.222675
Ecuador,ECU,1997,8.293992
Ecuador,ECU,1998,8.085482
Ecuador,ECU,1999,8.654562
Ecuador,ECU,2000,8.451831
Ecuador,ECU,2001,8.54152
Ecuador,ECU,2002,9.023662
Ecuador,ECU,2003,9.242497
Ecuador,ECU,2004,9.732682
Ecuador,ECU,2005,10.5780945
Ecuador,ECU,2006,11.242552
Ecuador,ECU,2007,11.746122
Ecuador,ECU,2008,12.561716
Ecuador,ECU,2009,12.076946
Ecuador,ECU,2010,12.846698
Ecuador,ECU,2011,13.907233
Ecuador,ECU,2012,14.7645445
Ecuador,ECU,2013,15.656399
Ecuador,ECU,2014,15.775506
Ecuador,ECU,2015,14.822678
Ecuador,ECU,2016,14.931975
Ecuador,ECU,2017,15.323919
Ecuador,ECU,2018,15.304225
Ecuador,ECU,2019,15.255215
Estonia,EST,1995,12.301138
Estonia,EST,1996,13.50568
Estonia,EST,1997,13.651728
Estonia,EST,1998,13.645548
Estonia,EST,1999,14.061493
Estonia,EST,2000,15.343206
Estonia,EST,2001,16.098131
Estonia,EST,2002,17.122402
Estonia,EST,2003,17.849754
Estonia,EST,2004,18.683674
Estonia,EST,2005,21.846905
Estonia,EST,2006,22.57687
Estonia,EST,2007,25.209894
Estonia,EST,2008,26.09065
Estonia,EST,2009,27.819883
Estonia,EST,2010,30.204777
Estonia,EST,2011,30.91355
Estonia,EST,2012,32.658714
Estonia,EST,2013,32.855225
Estonia,EST,2014,33.371788
Estonia,EST,2015,31.78334
Estonia,EST,2016,32.530643
Estonia,EST,2017,33.487995
Estonia,EST,2018,35.467113
Estonia,EST,2019,37.103794
Finland,FIN,1950,5.961683
Finland,FIN,1951,6.6988072
Finland,FIN,1952,6.839305
Finland,FIN,1953,6.76759
Finland,FIN,1954,7.4819784
Finland,FIN,1955,8.07144
Finland,FIN,1956,8.200379
Finland,FIN,1957,8.264831
Finland,FIN,1958,8.288224
Finland,FIN,1959,8.930468
Finland,FIN,1960,9.851797
Finland,FIN,1961,10.63842
Finland,FIN,1962,10.93978
Finland,FIN,1963,11.025875
Finland,FIN,1964,11.242805
Finland,FIN,1965,11.80405
Finland,FIN,1966,12.286873
Finland,FIN,1967,13.006341
Finland,FIN,1968,14.001974
Finland,FIN,1969,15.320489
Finland,FIN,1970,16.059736
Finland,FIN,1971,16.751348
Finland,FIN,1972,17.883585
Finland,FIN,1973,18.932371
Finland,FIN,1974,19.626944
Finland,FIN,1975,19.24504
Finland,FIN,1976,19.430626
Finland,FIN,1977,19.996984
Finland,FIN,1978,20.928228
Finland,FIN,1979,22.372446
Finland,FIN,1980,24.083199
Finland,FIN,1981,24.173162
Finland,FIN,1982,24.389318
Finland,FIN,1983,24.978033
Finland,FIN,1984,25.632359
Finland,FIN,1985,25.800379
Finland,FIN,1986,27.777464
Finland,FIN,1987,28.706995
Finland,FIN,1988,30.721735
Finland,FIN,1989,31.58303
Finland,FIN,1990,32.17027
Finland,FIN,1991,31.542807
Finland,FIN,1992,32.590652
Finland,FIN,1993,34.485252
Finland,FIN,1994,36.920357
Finland,FIN,1995,40.329865
Finland,FIN,1996,39.653557
Finland,FIN,1997,41.89941
Finland,FIN,1998,44.723362
Finland,FIN,1999,46.023457
Finland,FIN,2000,47.46425
Finland,FIN,2001,47.483337
Finland,FIN,2002,46.907173
Finland,FIN,2003,47.85348
Finland,FIN,2004,49.805534
Finland,FIN,2005,52.73542
Finland,FIN,2006,53.03463
Finland,FIN,2007,56.579884
Finland,FIN,2008,57.646393
Finland,FIN,2009,54.963795
Finland,FIN,2010,57.055943
Finland,FIN,2011,57.478252
Finland,FIN,2012,56.84866
Finland,FIN,2013,55.0958
Finland,FIN,2014,55.271935
Finland,FIN,2015,56.280693
Finland,FIN,2016,57.455666
Finland,FIN,2017,58.88464
Finland,FIN,2018,58.10097
Finland,FIN,2019,58.440796
France,FRA,1950,7.0669904
France,FRA,1951,7.3708344
France,FRA,1952,7.6154313
France,FRA,1953,8.0360365
France,FRA,1954,8.459862
France,FRA,1955,8.945585
France,FRA,1956,9.514151
France,FRA,1957,10.132573
France,FRA,1958,10.56748
France,FRA,1959,10.923368
France,FRA,1960,11.760632
France,FRA,1961,12.476836
France,FRA,1962,13.259141
France,FRA,1963,14.115616
France,FRA,1964,14.846327
France,FRA,1965,15.589289
France,FRA,1966,16.37379
France,FRA,1967,17.421177
France,FRA,1968,18.424807
France,FRA,1969,20.164831
France,FRA,1970,21.312586
France,FRA,1971,22.54977
France,FRA,1972,24.26745
France,FRA,1973,25.896788
France,FRA,1974,27.329742
France,FRA,1975,27.793558
France,FRA,1976,28.47386
France,FRA,1977,30.002554
France,FRA,1978,31.754593
France,FRA,1979,32.94602
France,FRA,1980,33.6654
France,FRA,1981,33.427803
France,FRA,1982,34.671894
France,FRA,1983,34.535408
France,FRA,1984,34.488884
France,FRA,1985,34.685844
France,FRA,1986,36.508186
France,FRA,1987,36.967834
France,FRA,1988,38.251118
France,FRA,1989,39.538567
France,FRA,1990,40.628033
France,FRA,1991,40.906864
France,FRA,1992,42.00623
France,FRA,1993,42.577908
France,FRA,1994,43.298325
France,FRA,1995,44.417713
France,FRA,1996,45.24303
France,FRA,1997,47.492073
France,FRA,1998,49.58453
France,FRA,1999,50.931835
France,FRA,2000,53.307465
France,FRA,2001,54.71325
France,FRA,2002,55.974445
France,FRA,2003,54.45298
France,FRA,2004,54.626713
France,FRA,2005,58.805424
France,FRA,2006,60.341972
France,FRA,2007,61.384407
France,FRA,2008,61.362904
France,FRA,2009,60.533497
France,FRA,2010,62.623447
France,FRA,2011,63.61985
France,FRA,2012,64.426056
France,FRA,2013,64.4049
France,FRA,2014,64.65075
France,FRA,2015,65.6156
France,FRA,2016,65.87519
France,FRA,2017,68.37434
France,FRA,2018,68.86071
France,FRA,2019,68.63126
Germany,DEU,1950,4.7953887
Germany,DEU,1951,5.26503
Germany,DEU,1952,5.704417
Germany,DEU,1953,6.1068497
Germany,DEU,1954,6.508941
Germany,DEU,1955,7.258235
Germany,DEU,1956,7.7465124
Germany,DEU,1957,8.123039
Germany,DEU,1958,8.419739
Germany,DEU,1959,9.1394
Germany,DEU,1960,9.996917
Germany,DEU,1961,10.425338
Germany,DEU,1962,10.9673395
Germany,DEU,1963,11.367186
Germany,DEU,1964,12.132016
Germany,DEU,1965,12.7834835
Germany,DEU,1966,13.337516
Germany,DEU,1967,13.751142
Germany,DEU,1968,14.593636
Germany,DEU,1969,15.692115
Germany,DEU,1970,16.493956
Germany,DEU,1971,17.306416
Germany,DEU,1972,18.368864
Germany,DEU,1973,19.575747
Germany,DEU,1974,20.411127
Germany,DEU,1975,21.18582
Germany,DEU,1976,22.1344
Germany,DEU,1977,23.124657
Germany,DEU,1978,23.992764
Germany,DEU,1979,24.956835
Germany,DEU,1980,25.373142
Germany,DEU,1981,25.213594
Germany,DEU,1982,24.999678
Germany,DEU,1983,25.374886
Germany,DEU,1984,25.644768
Germany,DEU,1985,25.79623
Germany,DEU,1986,27.840014
Germany,DEU,1987,29.226923
Germany,DEU,1988,30.688011
Germany,DEU,1989,32.26974
Germany,DEU,1990,35.48058
Germany,DEU,1991,39.042515
Germany,DEU,1992,40.763165
Germany,DEU,1993,42.447567
Germany,DEU,1994,44.128757
Germany,DEU,1995,45.659077
Germany,DEU,1996,46.71666
Germany,DEU,1997,48.596165
Germany,DEU,1998,49.783123
Germany,DEU,1999,51.45359
Germany,DEU,2000,52.285507
Germany,DEU,2001,53.48152
Germany,DEU,2002,53.929928
Germany,DEU,2003,56.040497
Germany,DEU,2004,57.46974
Germany,DEU,2005,60.835007
Germany,DEU,2006,60.941315
Germany,DEU,2007,63.31257
Germany,DEU,2008,64.230896
Germany,DEU,2009,61.58084
Germany,DEU,2010,63.392994
Germany,DEU,2011,65.64055
Germany,DEU,2012,65.28418
Germany,DEU,2013,65.47312
Germany,DEU,2014,67.03571
Germany,DEU,2015,65.975876
Germany,DEU,2016,67.61837
Germany,DEU,2017,69.84848
Germany,DEU,2018,69.22487
Germany,DEU,2019,68.8512
Greece,GRC,1951,3.6363769
Greece,GRC,1952,3.5349402
Greece,GRC,1953,3.9919205
Greece,GRC,1954,4.0549016
Greece,GRC,1955,4.315129
Greece,GRC,1956,4.681695
Greece,GRC,1957,5.0393863
Greece,GRC,1958,5.270527
Greece,GRC,1959,5.4889517
Greece,GRC,1960,5.5945997
Greece,GRC,1961,6.369367
Greece,GRC,1962,6.3553023
Greece,GRC,1963,7.309627
Greece,GRC,1964,7.975922
Greece,GRC,1965,8.941835
Greece,GRC,1966,9.773971
Greece,GRC,1967,10.441654
Greece,GRC,1968,11.31966
Greece,GRC,1969,12.700157
Greece,GRC,1970,14.167641
Greece,GRC,1971,15.202813
Greece,GRC,1972,16.628654
Greece,GRC,1973,17.610304
Greece,GRC,1974,16.418835
Greece,GRC,1975,17.327635
Greece,GRC,1976,18.233162
Greece,GRC,1977,18.446585
Greece,GRC,1978,19.632868
Greece,GRC,1979,19.80273
Greece,GRC,1980,19.850082
Greece,GRC,1981,18.889305
Greece,GRC,1982,18.45468
Greece,GRC,1983,18.135271
Greece,GRC,1984,18.596132
Greece,GRC,1985,18.799734
Greece,GRC,1986,19.476492
Greece,GRC,1987,19.275963
Greece,GRC,1988,20.28786
Greece,GRC,1989,21.167871
Greece,GRC,1990,21.163189
Greece,GRC,1991,22.957603
Greece,GRC,1992,22.959055
Greece,GRC,1993,23.204052
Greece,GRC,1994,23.899431
Greece,GRC,1995,24.422226
Greece,GRC,1996,25.27915
Greece,GRC,1997,27.682163
Greece,GRC,1998,28.066174
Greece,GRC,1999,28.65987
Greece,GRC,2000,29.945686
Greece,GRC,2001,31.08533
Greece,GRC,2002,31.685326
Greece,GRC,2003,31.434181
Greece,GRC,2004,32.293423
Greece,GRC,2005,31.981937
Greece,GRC,2006,34.261112
Greece,GRC,2007,34.34362
Greece,GRC,2008,35.341404
Greece,GRC,2009,35.15161
Greece,GRC,2010,34.640182
Greece,GRC,2011,33.544884
Greece,GRC,2012,33.95745
Greece,GRC,2013,34.727486
Greece,GRC,2014,34.524815
Greece,GRC,2015,34.289143
Greece,GRC,2016,33.34414
Greece,GRC,2017,33.359955
Greece,GRC,2018,32.902008
Greece,GRC,2019,33.032787
Hong Kong,HKG,1960,5.949894
Hong Kong,HKG,1961,6.0440574
Hong Kong,HKG,1962,6.3918276
Hong Kong,HKG,1963,6.9649568
Hong Kong,HKG,1964,7.40678
Hong Kong,HKG,1965,8.207192
Hong Kong,HKG,1966,8.504254
Hong Kong,HKG,1967,8.559179
Hong Kong,HKG,1968,8.833507
Hong Kong,HKG,1969,9.653987
Hong Kong,HKG,1970,10.348625
Hong Kong,HKG,1971,10.910025
Hong Kong,HKG,1972,11.650976
Hong Kong,HKG,1973,12.742074
Hong Kong,HKG,1974,12.584008
Hong Kong,HKG,1975,12.200911
Hong Kong,HKG,1976,13.432411
Hong Kong,HKG,1977,14.324502
Hong Kong,HKG,1978,15.028026
Hong Kong,HKG,1979,16.468327
Hong Kong,HKG,1980,16.987736
Hong Kong,HKG,1981,17.027994
Hong Kong,HKG,1982,17.553545
Hong Kong,HKG,1983,18.555834
Hong Kong,HKG,1984,19.755888
Hong Kong,HKG,1985,19.121313
Hong Kong,HKG,1986,21.130342
Hong Kong,HKG,1987,24.433487
Hong Kong,HKG,1988,24.47147
Hong Kong,HKG,1989,26.892668
Hong Kong,HKG,1990,30.08892
Hong Kong,HKG,1991,31.044765
Hong Kong,HKG,1992,35.249393
Hong Kong,HKG,1993,36.32831
Hong Kong,HKG,1994,36.923283
Hong Kong,HKG,1995,38.503506
Hong Kong,HKG,1996,38.27425
Hong Kong,HKG,1997,38.6659
Hong Kong,HKG,1998,36.353676
Hong Kong,HKG,1999,36.439953
Hong Kong,HKG,2000,39.117367
Hong Kong,HKG,2001,40.923954
Hong Kong,HKG,2002,42.99499
Hong Kong,HKG,2003,44.95894
Hong Kong,HKG,2004,50.00593
Hong Kong,HKG,2005,52.222424
Hong Kong,HKG,2006,48.138252
Hong Kong,HKG,2007,49.574165
Hong Kong,HKG,2008,48.996628
Hong Kong,HKG,2009,44.87837
Hong Kong,HKG,2010,47.956963
Hong Kong,HKG,2011,51.55522
Hong Kong,HKG,2012,53.542377
Hong Kong,HKG,2013,58.722065
Hong Kong,HKG,2014,52.201286
Hong Kong,HKG,2015,44.90758
Hong Kong,HKG,2016,44.55309
Hong Kong,HKG,2017,44.372982
Hong Kong,HKG,2018,49.2496
Hong Kong,HKG,2019,49.118412
Hungary,HUN,1980,10.902857
Hungary,HUN,1981,11.121633
Hungary,HUN,1982,11.780672
Hungary,HUN,1983,11.836755
Hungary,HUN,1984,12.418221
Hungary,HUN,1985,12.585481
Hungary,HUN,1986,13.288739
Hungary,HUN,1987,13.991702
Hungary,HUN,1988,14.084562
Hungary,HUN,1989,14.736718
Hungary,HUN,1990,15.225895
Hungary,HUN,1991,14.861748
Hungary,HUN,1992,16.638283
Hungary,HUN,1993,18.909113
Hungary,HUN,1994,19.135939
Hungary,HUN,1995,19.703987
Hungary,HUN,1996,20.291533
Hungary,HUN,1997,19.881853
Hungary,HUN,1998,19.863832
Hungary,HUN,1999,19.768736
Hungary,HUN,2000,21.24833
Hungary,HUN,2001,22.846094
Hungary,HUN,2002,24.288334
Hungary,HUN,2003,25.020475
Hungary,HUN,2004,24.977934
Hungary,HUN,2005,28.270016
Hungary,HUN,2006,28.380608
Hungary,HUN,2007,29.219303
Hungary,HUN,2008,32.15439
Hungary,HUN,2009,32.217777
Hungary,HUN,2010,34.13525
Hungary,HUN,2011,35.106853
Hungary,HUN,2012,34.620945
Hungary,HUN,2013,34.357777
Hungary,HUN,2014,33.291115
Hungary,HUN,2015,33.037334
Hungary,HUN,2016,31.614153
Hungary,HUN,2017,33.0558
Hungary,HUN,2018,33.815914
Hungary,HUN,2019,34.83344
Iceland,ISL,1964,18.141075
Iceland,ISL,1965,19.184896
Iceland,ISL,1966,20.136305
Iceland,ISL,1967,19.872221
Iceland,ISL,1968,18.565561
Iceland,ISL,1969,19.609669
Iceland,ISL,1970,20.465137
Iceland,ISL,1971,23.76881
Iceland,ISL,1972,23.276733
Iceland,ISL,1973,25.553173
Iceland,ISL,1974,26.895184
Iceland,ISL,1975,26.904255
Iceland,ISL,1976,26.417429
Iceland,ISL,1977,30.380062
Iceland,ISL,1978,31.592281
Iceland,ISL,1979,33.072083
Iceland,ISL,1980,34.25886
Iceland,ISL,1981,34.399452
Iceland,ISL,1982,34.675175
Iceland,ISL,1983,31.150745
Iceland,ISL,1984,33.781956
Iceland,ISL,1985,32.1699
Iceland,ISL,1986,33.979893
Iceland,ISL,1987,36.013073
Iceland,ISL,1988,38.36516
Iceland,ISL,1989,37.30818
Iceland,ISL,1990,37.674282
Iceland,ISL,1991,38.367603
Iceland,ISL,1992,36.88827
Iceland,ISL,1993,37.167595
Iceland,ISL,1994,38.65729
Iceland,ISL,1995,37.698425
Iceland,ISL,1996,38.019096
Iceland,ISL,1997,41.168324
Iceland,ISL,1998,41.894547
Iceland,ISL,1999,43.916428
Iceland,ISL,2000,41.566692
Iceland,ISL,2001,42.906994
Iceland,ISL,2002,44.33425
Iceland,ISL,2003,45.291386
Iceland,ISL,2004,47.687218
Iceland,ISL,2005,50.887196
Iceland,ISL,2006,47.754246
Iceland,ISL,2007,49.233704
Iceland,ISL,2008,62.21874
Iceland,ISL,2009,60.839947
Iceland,ISL,2010,56.17161
Iceland,ISL,2011,56.308052
Iceland,ISL,2012,57.967678
Iceland,ISL,2013,56.47683
Iceland,ISL,2014,56.82377
Iceland,ISL,2015,58.148865
Iceland,ISL,2016,58.311256
Iceland,ISL,2017,59.125015
Iceland,ISL,2018,60.209545
Iceland,ISL,2019,64.24422
India,IND,1970,1.9620081
India,IND,1971,1.9834533
India,IND,1972,1.9902271
India,IND,1973,2.048084
India,IND,1974,1.9792039
India,IND,1975,2.1095817
India,IND,1976,2.0281641
India,IND,1977,1.9587873
India,IND,1978,1.8642068
India,IND,1979,1.6844178
India,IND,1980,1.67654
India,IND,1981,1.6167982
India,IND,1982,1.5362915
India,IND,1983,1.5375211
India,IND,1984,1.4994639
India,IND,1985,1.4836581
India,IND,1986,1.5037689
India,IND,1987,1.5401372
India,IND,1988,1.6158221
India,IND,1989,1.682339
India,IND,1990,1.7396741
India,IND,1991,1.7505404
India,IND,1992,1.8028334
India,IND,1993,1.8518116
India,IND,1994,1.9338377
India,IND,1995,2.0703006
India,IND,1996,2.2112768
India,IND,1997,2.286061
India,IND,1998,2.450466
India,IND,1999,2.5882545
India,IND,2000,2.6448793
India,IND,2001,2.7175374
India,IND,2002,2.7897158
India,IND,2003,2.9582071
India,IND,2004,3.1424246
India,IND,2005,3.5561693
India,IND,2006,3.982323
India,IND,2007,4.450151
India,IND,2008,4.6965976
India,IND,2009,4.9839163
India,IND,2010,5.6992044
India,IND,2011,6.130244
India,IND,2012,6.6602244
India,IND,2013,6.5481606
India,IND,2014,6.832327
India,IND,2015,7.217728
India,IND,2016,7.6099877
India,IND,2017,8.009788
India,IND,2018,8.536673
India,IND,2019,8.680879
Indonesia,IDN,1970,2.3521268
Indonesia,IDN,1971,2.4697526
Indonesia,IDN,1972,2.6786692
Indonesia,IDN,1973,2.8452399
Indonesia,IDN,1974,3.0196362
Indonesia,IDN,1975,3.1843622
Indonesia,IDN,1976,3.4578304
Indonesia,IDN,1977,3.669632
Indonesia,IDN,1978,3.6136928
Indonesia,IDN,1979,3.7664351
Indonesia,IDN,1980,3.906127
Indonesia,IDN,1981,3.9127767
Indonesia,IDN,1982,3.9213433
Indonesia,IDN,1983,3.9616506
Indonesia,IDN,1984,3.962322
Indonesia,IDN,1985,3.8789003
Indonesia,IDN,1986,4.07864
Indonesia,IDN,1987,4.053773
Indonesia,IDN,1988,3.9568906
Indonesia,IDN,1989,4.0882397
Indonesia,IDN,1990,4.448761
Indonesia,IDN,1991,4.7533717
Indonesia,IDN,1992,5.0228434
Indonesia,IDN,1993,5.3013487
Indonesia,IDN,1994,5.382208
Indonesia,IDN,1995,5.7512407
Indonesia,IDN,1996,6.1446958
Indonesia,IDN,1997,6.1283298
Indonesia,IDN,1998,4.7448893
Indonesia,IDN,1999,4.656925
Indonesia,IDN,2000,4.382114
Indonesia,IDN,2001,4.385334
Indonesia,IDN,2002,4.4666085
Indonesia,IDN,2003,4.4112577
Indonesia,IDN,2004,4.7213187
Indonesia,IDN,2005,5.1756444
Indonesia,IDN,2006,5.662398
Indonesia,IDN,2007,6.0105486
Indonesia,IDN,2008,7.06172
Indonesia,IDN,2009,7.597824
Indonesia,IDN,2010,8.849966
Indonesia,IDN,2011,10.731469
Indonesia,IDN,2012,11.094654
Indonesia,IDN,2013,11.260451
Indonesia,IDN,2014,11.359391
Indonesia,IDN,2015,11.100419
Indonesia,IDN,2016,11.205149
Indonesia,IDN,2017,11.354788
Indonesia,IDN,2018,11.730033
Indonesia,IDN,2019,11.843272
Ireland,IRL,1950,5.2342935
Ireland,IRL,1951,5.378119
Ireland,IRL,1952,5.675927
Ireland,IRL,1953,5.894644
Ireland,IRL,1954,6.0741744
Ireland,IRL,1955,6.350703
Ireland,IRL,1956,6.411081
Ireland,IRL,1957,6.654661
Ireland,IRL,1958,6.6692576
Ireland,IRL,1959,7.029379
Ireland,IRL,1960,7.4512405
Ireland,IRL,1961,7.8206625
Ireland,IRL,1962,7.9306865
Ireland,IRL,1963,8.240917
Ireland,IRL,1964,8.439605
Ireland,IRL,1965,8.567076
Ireland,IRL,1966,8.7227335
Ireland,IRL,1967,9.282924
Ireland,IRL,1968,9.957421
Ireland,IRL,1969,10.400439
Ireland,IRL,1970,10.674877
Ireland,IRL,1971,10.967216
Ireland,IRL,1972,12.080991
Ireland,IRL,1973,12.673017
Ireland,IRL,1974,13.019011
Ireland,IRL,1975,13.818489
Ireland,IRL,1976,14.5897
Ireland,IRL,1977,15.715906
Ireland,IRL,1978,17.13532
Ireland,IRL,1979,17.37598
Ireland,IRL,1980,18.61795
Ireland,IRL,1981,19.287746
Ireland,IRL,1982,19.674534
Ireland,IRL,1983,19.558456
Ireland,IRL,1984,20.572546
Ireland,IRL,1985,20.62267
Ireland,IRL,1986,21.63599
Ireland,IRL,1987,23.224161
Ireland,IRL,1988,24.035942
Ireland,IRL,1989,25.458107
Ireland,IRL,1990,26.439726
Ireland,IRL,1991,27.536348
Ireland,IRL,1992,30.136293
Ireland,IRL,1993,31.908913
Ireland,IRL,1994,32.412807
Ireland,IRL,1995,35.50946
Ireland,IRL,1996,37.13154
Ireland,IRL,1997,40.08107
Ireland,IRL,1998,41.376198
Ireland,IRL,1999,42.902386
Ireland,IRL,2000,46.069473
Ireland,IRL,2001,48.288296
Ireland,IRL,2002,53.845882
Ireland,IRL,2003,58.170265
Ireland,IRL,2004,59.9059
Ireland,IRL,2005,62.796043
Ireland,IRL,2006,62.327534
Ireland,IRL,2007,66.14504
Ireland,IRL,2008,64.22194
Ireland,IRL,2009,67.34492
Ireland,IRL,2010,74.460724
Ireland,IRL,2011,76.79019
Ireland,IRL,2012,78.489105
Ireland,IRL,2013,76.15627
Ireland,IRL,2014,79.81215
Ireland,IRL,2015,100.3916
Ireland,IRL,2016,105.04378
Ireland,IRL,2017,109.488304
Ireland,IRL,2018,112.76292
Ireland,IRL,2019,125.09254
Israel,ISR,1981,25.199104
Israel,ISR,1982,25.77843
Israel,ISR,1983,26.18268
Israel,ISR,1984,26.192846
Israel,ISR,1985,26.883018
Israel,ISR,1986,28.37297
Israel,ISR,1987,30.024689
Israel,ISR,1988,30.745424
Israel,ISR,1989,29.520636
Israel,ISR,1990,31.83879
Israel,ISR,1991,33.014473
Israel,ISR,1992,33.459423
Israel,ISR,1993,33.239883
Israel,ISR,1994,32.52806
Israel,ISR,1995,33.056637
Israel,ISR,1996,33.89172
Israel,ISR,1997,34.920345
Israel,ISR,1998,36.30148
Israel,ISR,1999,37.191696
Israel,ISR,2000,39.284286
Israel,ISR,2001,40.261395
Israel,ISR,2002,39.768715
Israel,ISR,2003,38.233845
Israel,ISR,2004,38.01697
Israel,ISR,2005,37.394157
Israel,ISR,2006,36.933624
Israel,ISR,2007,35.61613
Israel,ISR,2008,34.43854
Israel,ISR,2009,35.472633
Israel,ISR,2010,36.304157
Israel,ISR,2011,37.192833
Israel,ISR,2012,38.331303
Israel,ISR,2013,39.498203
Israel,ISR,2014,39.54524
Israel,ISR,2015,40.402554
Israel,ISR,2016,41.430664
Israel,ISR,2017,41.02011
Israel,ISR,2018,40.3151
Israel,ISR,2019,40.870785
Italy,ITA,1950,5.0973253
Italy,ITA,1951,5.529937
Italy,ITA,1952,5.6422157
Italy,ITA,1953,5.9650664
Italy,ITA,1954,6.121146
Italy,ITA,1955,6.520286
Italy,ITA,1956,6.725706
Italy,ITA,1957,6.957694
Italy,ITA,1958,7.218494
Italy,ITA,1959,7.7035327
Italy,ITA,1960,8.376799
Italy,ITA,1961,9.090406
Italy,ITA,1962,9.854922
Italy,ITA,1963,10.556045
Italy,ITA,1964,10.92292
Italy,ITA,1965,11.839702
Italy,ITA,1966,12.59563
Italy,ITA,1967,13.180837
Italy,ITA,1968,14.087964
Italy,ITA,1969,15.063651
Italy,ITA,1970,17.194502
Italy,ITA,1971,18.077612
Italy,ITA,1972,19.214191
Italy,ITA,1973,20.785011
Italy,ITA,1974,22.29254
Italy,ITA,1975,22.205618
Italy,ITA,1976,24.217577
Italy,ITA,1977,25.867733
Italy,ITA,1978,27.44275
Italy,ITA,1979,29.704462
Italy,ITA,1980,31.238718
Italy,ITA,1981,30.652529
Italy,ITA,1982,29.897789
Italy,ITA,1983,29.369656
Italy,ITA,1984,29.914227
Italy,ITA,1985,29.993383
Italy,ITA,1986,31.567087
Italy,ITA,1987,32.817375
Italy,ITA,1988,33.76746
Italy,ITA,1989,35.157635
Italy,ITA,1990,36.40853
Italy,ITA,1991,37.00646
Italy,ITA,1992,37.897182
Italy,ITA,1993,38.85644
Italy,ITA,1994,40.806324
Italy,ITA,1995,42.764477
Italy,ITA,1996,43.20181
Italy,ITA,1997,45.140743
Italy,ITA,1998,46.576984
Italy,ITA,1999,47.538704
Italy,ITA,2000,48.2648
Italy,ITA,2001,47.548306
Italy,ITA,2002,46.23609
Italy,ITA,2003,45.945816
Italy,ITA,2004,45.94257
Italy,ITA,2005,47.60363
Italy,ITA,2006,48.333866
Italy,ITA,2007,49.925472
Italy,ITA,2008,51.43633
Italy,ITA,2009,51.19159
Italy,ITA,2010,52.05406
Italy,ITA,2011,53.21145
Italy,ITA,2012,53.286415
Italy,ITA,2013,53.77871
Italy,ITA,2014,53.765285
Italy,ITA,2015,53.381702
Italy,ITA,2016,54.944733
Italy,ITA,2017,56.27207
Italy,ITA,2018,56.152653
Italy,ITA,2019,56.090836
Jamaica,JAM,1986,6.569074
Jamaica,JAM,1987,6.9643955
Jamaica,JAM,1988,7.0113463
Jamaica,JAM,1989,6.8468513
Jamaica,JAM,1990,7.360053
Jamaica,JAM,1991,7.0897293
Jamaica,JAM,1992,7.4436655
Jamaica,JAM,1993,8.020387
Jamaica,JAM,1994,7.858575
Jamaica,JAM,1995,7.676884
Jamaica,JAM,1996,7.796191
Jamaica,JAM,1997,7.8006964
Jamaica,JAM,1998,7.818909
Jamaica,JAM,1999,8.219032
Jamaica,JAM,2000,8.493388
Jamaica,JAM,2001,8.421036
Jamaica,JAM,2002,7.7089267
Japan,JPN,1950,2.9542785
Japan,JPN,1951,3.2141197
Japan,JPN,1952,3.4887261
Japan,JPN,1953,3.5962312
Japan,JPN,1954,3.682381
Japan,JPN,1955,3.8038588
Japan,JPN,1956,3.887944
Japan,JPN,1957,4.009947
Japan,JPN,1958,4.2339463
Japan,JPN,1959,4.5437784
Japan,JPN,1960,4.9748535
Japan,JPN,1961,5.437169
Japan,JPN,1962,5.9444823
Japan,JPN,1963,6.4009037
Japan,JPN,1964,7.006454
Japan,JPN,1965,7.3866434
Japan,JPN,1966,7.951002
Japan,JPN,1967,8.553841
Japan,JPN,1968,9.457534
Japan,JPN,1969,10.59508
Japan,JPN,1970,11.621735
Japan,JPN,1971,12.264989
Japan,JPN,1972,13.288109
Japan,JPN,1973,14.12886
Japan,JPN,1974,14.498506
Japan,JPN,1975,15.430777
Japan,JPN,1976,16.110264
Japan,JPN,1977,16.94812
Japan,JPN,1978,18.015442
Japan,JPN,1979,18.977034
Japan,JPN,1980,19.919168
Japan,JPN,1981,19.794418
Japan,JPN,1982,19.3592
Japan,JPN,1983,18.713303
Japan,JPN,1984,18.601988
Japan,JPN,1985,19.199963
Japan,JPN,1986,20.806864
Japan,JPN,1987,22.112892
Japan,JPN,1988,24.090681
Japan,JPN,1989,25.69327
Japan,JPN,1990,27.704779
Japan,JPN,1991,29.11402
Japan,JPN,1992,30.590227
Japan,JPN,1993,31.973555
Japan,JPN,1994,33.269157
Japan,JPN,1995,34.962364
Japan,JPN,1996,36.679893
Japan,JPN,1997,37.125977
Japan,JPN,1998,37.549026
Japan,JPN,1999,38.38752
Japan,JPN,2000,39.46904
Japan,JPN,2001,39.568127
Japan,JPN,2002,40.303066
Japan,JPN,2003,40.888096
Japan,JPN,2004,41.53163
Japan,JPN,2005,42.49986
Japan,JPN,2006,42.47058
Japan,JPN,2007,43.1645
Japan,JPN,2008,42.903145
Japan,JPN,2009,42.11367
Japan,JPN,2010,43.54393
Japan,JPN,2011,42.942596
Japan,JPN,2012,42.834938
Japan,JPN,2013,43.479416
Japan,JPN,2014,42.72143
Japan,JPN,2015,43.800053
Japan,JPN,2016,42.68171
Japan,JPN,2017,42.422935
Japan,JPN,2018,41.73783
Japan,JPN,2019,42.56412
Latvia,LVA,1995,12.985339
Latvia,LVA,1996,12.997838
Latvia,LVA,1997,12.715266
Latvia,LVA,1998,13.3560705
Latvia,LVA,1999,14.04626
Latvia,LVA,2000,15.379379
Latvia,LVA,2001,16.111881
Latvia,LVA,2002,16.826601
Latvia,LVA,2003,17.188547
Latvia,LVA,2004,18.271309
Latvia,LVA,2005,20.249609
Latvia,LVA,2006,20.295149
Latvia,LVA,2007,21.64383
Latvia,LVA,2008,21.668264
Latvia,LVA,2009,22.450373
Latvia,LVA,2010,24.840263
Latvia,LVA,2011,26.467049
Latvia,LVA,2012,27.315512
Latvia,LVA,2013,26.652649
Latvia,LVA,2014,27.709826
Latvia,LVA,2015,28.915426
Latvia,LVA,2016,29.639683
Latvia,LVA,2017,31.568642
Latvia,LVA,2018,32.110943
Latvia,LVA,2019,33.538006
Lithuania,LTU,1995,13.423672
Lithuania,LTU,1996,13.824675
Lithuania,LTU,1997,14.269204
Lithuania,LTU,1998,14.452004
Lithuania,LTU,1999,15.718054
Lithuania,LTU,2000,16.39442
Lithuania,LTU,2001,18.375858
Lithuania,LTU,2002,18.405815
Lithuania,LTU,2003,20.024971
Lithuania,LTU,2004,19.407793
Lithuania,LTU,2005,21.624893
Lithuania,LTU,2006,23.029945
Lithuania,LTU,2007,24.129486
Lithuania,LTU,2008,25.523405
Lithuania,LTU,2009,24.81404
Lithuania,LTU,2010,27.068996
Lithuania,LTU,2011,30.08933
Lithuania,LTU,2012,31.269558
Lithuania,LTU,2013,31.211437
Lithuania,LTU,2014,31.880714
Lithuania,LTU,2015,31.018784
Lithuania,LTU,2016,30.58074
Lithuania,LTU,2017,32.991947
Lithuania,LTU,2018,33.26906
Lithuania,LTU,2019,34.452484
Luxembourg,LUX,1970,30.716282
Luxembourg,LUX,1971,28.825438
Luxembourg,LUX,1972,30.601368
Luxembourg,LUX,1973,34.103073
Luxembourg,LUX,1974,36.01707
Luxembourg,LUX,1975,31.312027
Luxembourg,LUX,1976,33.031868
Luxembourg,LUX,1977,33.72716
Luxembourg,LUX,1978,36.06394
Luxembourg,LUX,1979,37.512104
Luxembourg,LUX,1980,38.17537
Luxembourg,LUX,1981,37.159145
Luxembourg,LUX,1982,37.68731
Luxembourg,LUX,1983,37.759834
Luxembourg,LUX,1984,37.386055
Luxembourg,LUX,1985,36.574913
Luxembourg,LUX,1986,41.333984
Luxembourg,LUX,1987,41.482628
Luxembourg,LUX,1988,44.091885
Luxembourg,LUX,1989,47.893295
Luxembourg,LUX,1990,48.39339
Luxembourg,LUX,1991,52.240227
Luxembourg,LUX,1992,52.31414
Luxembourg,LUX,1993,54.948154
Luxembourg,LUX,1994,57.205894
Luxembourg,LUX,1995,55.88858
Luxembourg,LUX,1996,55.281155
Luxembourg,LUX,1997,58.60165
Luxembourg,LUX,1998,61.02755
Luxembourg,LUX,1999,65.29109
Luxembourg,LUX,2000,68.86972
Luxembourg,LUX,2001,62.06307
Luxembourg,LUX,2002,59.05566
Luxembourg,LUX,2003,56.653072
Luxembourg,LUX,2004,51.67782
Luxembourg,LUX,2005,64.665146
Luxembourg,LUX,2006,61.935383
Luxembourg,LUX,2007,62.911896
Luxembourg,LUX,2008,59.389694
Luxembourg,LUX,2009,56.49086
Luxembourg,LUX,2010,63.204834
Luxembourg,LUX,2011,61.924755
Luxembourg,LUX,2012,64.0331
Luxembourg,LUX,2013,61.830307
Luxembourg,LUX,2014,71.58993
Luxembourg,LUX,2015,76.55745
Luxembourg,LUX,2016,80.007385
Luxembourg,LUX,2017,83.16536
Luxembourg,LUX,2018,79.94896
Luxembourg,LUX,2019,80.32644
Malaysia,MYS,1970,5.2937045
Malaysia,MYS,1971,6.261472
Malaysia,MYS,1972,6.5417657
Malaysia,MYS,1973,7.150495
Malaysia,MYS,1974,7.6739383
Malaysia,MYS,1975,7.207733
Malaysia,MYS,1976,7.777414
Malaysia,MYS,1977,8.145012
Malaysia,MYS,1978,8.404568
Malaysia,MYS,1979,8.814994
Malaysia,MYS,1980,9.33851
Malaysia,MYS,1981,9.436366
Malaysia,MYS,1982,9.71564
Malaysia,MYS,1983,9.9348135
Malaysia,MYS,1984,10.503425
Malaysia,MYS,1985,9.611052
Malaysia,MYS,1986,8.741961
Malaysia,MYS,1987,9.061251
Malaysia,MYS,1988,9.595155
Malaysia,MYS,1989,10.225831
Malaysia,MYS,1990,10.988868
Malaysia,MYS,1991,11.859501
Malaysia,MYS,1992,12.286084
Malaysia,MYS,1993,12.821822
Malaysia,MYS,1994,13.659403
Malaysia,MYS,1995,14.970428
Malaysia,MYS,1996,14.883565
Malaysia,MYS,1997,15.305839
Malaysia,MYS,1998,13.057715
Malaysia,MYS,1999,13.360628
Malaysia,MYS,2000,14.736472
Malaysia,MYS,2001,14.409602
Malaysia,MYS,2002,14.822029
Malaysia,MYS,2003,15.311852
Malaysia,MYS,2004,16.641
Malaysia,MYS,2005,18.53259
Malaysia,MYS,2006,18.568468
Malaysia,MYS,2007,20.199362
Malaysia,MYS,2008,22.691992
Malaysia,MYS,2009,20.84442
Malaysia,MYS,2010,20.954391
Malaysia,MYS,2011,22.940886
Malaysia,MYS,2012,24.051357
Malaysia,MYS,2013,24.076591
Malaysia,MYS,2014,23.687654
Malaysia,MYS,2015,23.080912
Malaysia,MYS,2016,23.226147
Malaysia,MYS,2017,23.654076
Malaysia,MYS,2018,24.144674
Malaysia,MYS,2019,24.75438
Malta,MLT,1994,20.509079
Malta,MLT,1995,19.842632
Malta,MLT,1996,19.611084
Malta,MLT,1997,22.516294
Malta,MLT,1998,23.294172
Malta,MLT,1999,24.528719
Malta,MLT,2000,30.381235
Malta,MLT,2001,27.799385
Malta,MLT,2002,27.716108
Malta,MLT,2003,29.634447
Malta,MLT,2004,29.351349
Malta,MLT,2005,31.79536
Malta,MLT,2006,30.756136
Malta,MLT,2007,31.78621
Malta,MLT,2008,30.899437
Malta,MLT,2009,30.773615
Malta,MLT,2010,32.50011
Malta,MLT,2011,34.37887
Malta,MLT,2012,34.928337
Malta,MLT,2013,33.386295
Malta,MLT,2014,34.085976
Malta,MLT,2015,39.66399
Malta,MLT,2016,38.347702
Malta,MLT,2017,39.21617
Malta,MLT,2018,41.81593
Malta,MLT,2019,40.627483
Mexico,MEX,1950,7.838052
Mexico,MEX,1951,8.391885
Mexico,MEX,1952,8.648892
Mexico,MEX,1953,8.427345
Mexico,MEX,1954,9.25124
Mexico,MEX,1955,9.900326
Mexico,MEX,1956,10.4341
Mexico,MEX,1957,11.065927
Mexico,MEX,1958,11.462927
Mexico,MEX,1959,11.607597
Mexico,MEX,1960,12.327988
Mexico,MEX,1961,12.385888
Mexico,MEX,1962,12.567876
Mexico,MEX,1963,13.4100485
Mexico,MEX,1964,14.861192
Mexico,MEX,1965,15.270481
Mexico,MEX,1966,15.781029
Mexico,MEX,1967,16.20344
Mexico,MEX,1968,17.121988
Mexico,MEX,1969,17.381784
Mexico,MEX,1970,18.01936
Mexico,MEX,1971,17.871181
Mexico,MEX,1972,18.394958
Mexico,MEX,1973,18.927757
Mexico,MEX,1974,19.111128
Mexico,MEX,1975,19.025108
Mexico,MEX,1976,19.302427
Mexico,MEX,1977,19.276596
Mexico,MEX,1978,20.124495
Mexico,MEX,1979,21.008715
Mexico,MEX,1980,21.832298
Mexico,MEX,1981,22.78899
Mexico,MEX,1982,21.782488
Mexico,MEX,1983,20.35886
Mexico,MEX,1984,20.1233
Mexico,MEX,1985,19.252594
Mexico,MEX,1986,17.49425
Mexico,MEX,1987,17.130547
Mexico,MEX,1988,16.536968
Mexico,MEX,1989,16.522503
Mexico,MEX,1990,16.928875
Mexico,MEX,1991,17.094788
Mexico,MEX,1992,17.213825
Mexico,MEX,1993,17.013998
Mexico,MEX,1994,17.302423
Mexico,MEX,1995,16.148466
Mexico,MEX,1996,15.773345
Mexico,MEX,1997,16.18199
Mexico,MEX,1998,17.368303
Mexico,MEX,1999,16.686592
Mexico,MEX,2000,17.833534
Mexico,MEX,2001,17.659796
Mexico,MEX,2002,16.67666
Mexico,MEX,2003,16.991592
Mexico,MEX,2004,17.613306
Mexico,MEX,2005,18.715185
Mexico,MEX,2006,19.174133
Mexico,MEX,2007,19.612604
Mexico,MEX,2008,19.282133
Mexico,MEX,2009,19.709696
Mexico,MEX,2010,19.41408
Mexico,MEX,2011,21.060549
Mexico,MEX,2012,21.422895
Mexico,MEX,2013,21.144402
Mexico,MEX,2014,21.27103
Mexico,MEX,2015,20.835148
Mexico,MEX,2016,21.068047
Mexico,MEX,2017,21.020313
Mexico,MEX,2018,20.987122
Mexico,MEX,2019,20.339481
Myanmar,MMR,1970,0.8174314
Myanmar,MMR,1971,0.80939347
Myanmar,MMR,1972,0.76764137
Myanmar,MMR,1973,0.7758831
Myanmar,MMR,1974,0.78822523
Myanmar,MMR,1975,0.81184393
Myanmar,MMR,1976,0.8223266
Myanmar,MMR,1977,0.8301076
Myanmar,MMR,1978,0.8378973
Myanmar,MMR,1979,0.86823136
Myanmar,MMR,1980,0.91043174
Myanmar,MMR,1981,0.9460778
Myanmar,MMR,1982,0.9827149
Myanmar,MMR,1983,1.0137795
Myanmar,MMR,1984,1.0367057
Myanmar,MMR,1985,1.0159934
Myanmar,MMR,1986,0.9754783
Myanmar,MMR,1987,0.87661654
Myanmar,MMR,1988,0.8084946
Myanmar,MMR,1989,0.81218064
Myanmar,MMR,1990,0.8488936
Myanmar,MMR,1991,0.85160065
Myanmar,MMR,1992,0.98256105
Myanmar,MMR,1993,1.0339866
Myanmar,MMR,1994,1.0573412
Myanmar,MMR,1995,1.0921623
Myanmar,MMR,1996,1.0761168
Myanmar,MMR,1997,1.1003945
Myanmar,MMR,1998,1.1736172
Myanmar,MMR,1999,1.131848
Myanmar,MMR,2000,1.132055
Myanmar,MMR,2001,1.1956207
Myanmar,MMR,2002,1.331625
Myanmar,MMR,2003,1.4841847
Myanmar,MMR,2004,1.6281185
Myanmar,MMR,2005,1.8151124
Myanmar,MMR,2006,2.0273707
Myanmar,MMR,2007,2.3407452
Myanmar,MMR,2008,2.6477537
Myanmar,MMR,2009,3.1216426
Myanmar,MMR,2010,3.7181845
Myanmar,MMR,2011,4.0852246
Myanmar,MMR,2012,3.299412
Myanmar,MMR,2013,4.6283817
Myanmar,MMR,2014,4.8591337
Myanmar,MMR,2015,4.738345
Myanmar,MMR,2016,4.711011
Myanmar,MMR,2017,4.7354836
Myanmar,MMR,2018,4.774512
Myanmar,MMR,2019,5.147914
Netherlands,NLD,1950,10.710759
Netherlands,NLD,1951,11.26351
Netherlands,NLD,1952,11.670563
Netherlands,NLD,1953,12.474285
Netherlands,NLD,1954,12.956335
Netherlands,NLD,1955,13.898993
Netherlands,NLD,1956,14.331997
Netherlands,NLD,1957,14.88208
Netherlands,NLD,1958,15.086685
Netherlands,NLD,1959,15.896571
Netherlands,NLD,1960,17.20012
Netherlands,NLD,1961,17.36024
Netherlands,NLD,1962,17.786955
Netherlands,NLD,1963,17.682125
Netherlands,NLD,1964,19.365513
Netherlands,NLD,1965,20.041805
Netherlands,NLD,1966,20.258251
Netherlands,NLD,1967,21.44525
Netherlands,NLD,1968,22.625898
Netherlands,NLD,1970,24.202515
Netherlands,NLD,1971,25.76558
Netherlands,NLD,1972,26.957249
Netherlands,NLD,1973,29.199915
Netherlands,NLD,1974,31.73102
Netherlands,NLD,1975,33.208977
Netherlands,NLD,1976,35.00219
Netherlands,NLD,1977,35.999542
Netherlands,NLD,1978,37.090588
Netherlands,NLD,1979,37.67584
Netherlands,NLD,1980,38.711372
Netherlands,NLD,1981,37.863018
Netherlands,NLD,1982,37.708652
Netherlands,NLD,1983,38.4624
Netherlands,NLD,1984,39.05448
Netherlands,NLD,1985,37.854927
Netherlands,NLD,1986,39.04359
Netherlands,NLD,1987,39.201008
Netherlands,NLD,1988,40.105953
Netherlands,NLD,1989,40.839977
Netherlands,NLD,1990,42.341084
Netherlands,NLD,1991,43.16381
Netherlands,NLD,1992,43.048706
Netherlands,NLD,1993,44.567387
Netherlands,NLD,1994,45.287746
Netherlands,NLD,1995,46.16416
Netherlands,NLD,1996,46.58419
Netherlands,NLD,1997,48.85034
Netherlands,NLD,1998,49.452793
Netherlands,NLD,1999,51.94019
Netherlands,NLD,2000,56.511986
Netherlands,NLD,2001,56.631924
Netherlands,NLD,2002,57.185432
Netherlands,NLD,2003,57.887104
Netherlands,NLD,2004,58.761932
Netherlands,NLD,2005,66.80439
Netherlands,NLD,2006,67.05721
Netherlands,NLD,2007,69.592285
Netherlands,NLD,2008,71.34044
Netherlands,NLD,2009,66.42687
Netherlands,NLD,2010,67.39713
Netherlands,NLD,2011,68.47871
Netherlands,NLD,2012,70.78001
Netherlands,NLD,2013,74.74744
Netherlands,NLD,2014,70.81941
Netherlands,NLD,2015,69.6892
Netherlands,NLD,2016,68.148186
Netherlands,NLD,2017,70.61846
Netherlands,NLD,2018,70.12136
Netherlands,NLD,2019,69.77961
New Zealand,NZL,1970,20.520288
New Zealand,NZL,1971,20.98911
New Zealand,NZL,1972,22.061644
New Zealand,NZL,1973,23.366339
New Zealand,NZL,1974,23.290552
New Zealand,NZL,1975,22.472792
New Zealand,NZL,1976,22.941683
New Zealand,NZL,1977,21.932146
New Zealand,NZL,1978,20.57688
New Zealand,NZL,1979,20.463825
New Zealand,NZL,1980,20.61603
New Zealand,NZL,1981,21.855492
New Zealand,NZL,1982,21.809278
New Zealand,NZL,1983,22.566324
New Zealand,NZL,1984,23.590374
New Zealand,NZL,1985,22.587145
New Zealand,NZL,1986,24.02335
New Zealand,NZL,1987,24.90125
New Zealand,NZL,1988,27.004423
New Zealand,NZL,1989,28.208313
New Zealand,NZL,1990,28.456034
New Zealand,NZL,1991,28.466188
New Zealand,NZL,1992,28.873158
New Zealand,NZL,1993,29.425865
New Zealand,NZL,1994,30.06471
New Zealand,NZL,1995,30.408707
New Zealand,NZL,1996,31.179928
New Zealand,NZL,1997,32.43919
New Zealand,NZL,1998,33.185
New Zealand,NZL,1999,34.4251
New Zealand,NZL,2000,34.19455
New Zealand,NZL,2001,34.61917
New Zealand,NZL,2002,34.656883
New Zealand,NZL,2003,35.050877
New Zealand,NZL,2004,33.844494
New Zealand,NZL,2005,34.581734
New Zealand,NZL,2006,34.55735
New Zealand,NZL,2007,36.66018
New Zealand,NZL,2008,37.040737
New Zealand,NZL,2009,38.593353
New Zealand,NZL,2010,39.632904
New Zealand,NZL,2011,41.13166
New Zealand,NZL,2012,41.361797
New Zealand,NZL,2013,41.392303
New Zealand,NZL,2014,41.358177
New Zealand,NZL,2015,41.29625
New Zealand,NZL,2016,42.350384
New Zealand,NZL,2017,42.7376
New Zealand,NZL,2018,42.714916
New Zealand,NZL,2019,44.547375
Norway,NOR,1950,9.907662
Norway,NOR,1951,10.469594
Norway,NOR,1952,11.026875
Norway,NOR,1953,11.60994
Norway,NOR,1954,11.953661
Norway,NOR,1955,12.385934
Norway,NOR,1956,12.9130535
Norway,NOR,1957,13.583911
Norway,NOR,1958,13.69358
Norway,NOR,1959,14.12929
Norway,NOR,1960,14.403861
Norway,NOR,1961,15.121853
Norway,NOR,1962,15.429263
Norway,NOR,1963,15.964842
Norway,NOR,1964,16.813877
Norway,NOR,1965,17.995508
Norway,NOR,1966,18.55077
Norway,NOR,1967,19.760601
Norway,NOR,1968,20.903234
Norway,NOR,1969,22.103846
Norway,NOR,1970,17.760332
Norway,NOR,1971,19.209253
Norway,NOR,1972,21.406303
Norway,NOR,1973,22.084812
Norway,NOR,1974,23.943645
Norway,NOR,1975,26.599808
Norway,NOR,1976,29.84158
Norway,NOR,1977,30.629992
Norway,NOR,1978,33.34545
Norway,NOR,1979,35.46178
Norway,NOR,1980,36.85388
Norway,NOR,1981,36.93323
Norway,NOR,1982,36.815235
Norway,NOR,1983,38.781002
Norway,NOR,1984,40.94229
Norway,NOR,1985,40.305424
Norway,NOR,1986,37.816162
Norway,NOR,1987,38.734505
Norway,NOR,1988,37.339443
Norway,NOR,1989,40.062706
Norway,NOR,1990,44.95071
Norway,NOR,1991,45.559517
Norway,NOR,1992,46.800808
Norway,NOR,1993,47.055927
Norway,NOR,1994,48.30773
Norway,NOR,1995,51.57199
Norway,NOR,1996,57.040657
Norway,NOR,1997,58.731735
Norway,NOR,1998,54.6418
Norway,NOR,1999,60.438477
Norway,NOR,2000,74.944664
Norway,NOR,2001,77.07967
Norway,NOR,2002,75.60525
Norway,NOR,2003,83.69843
Norway,NOR,2004,88.14824
Norway,NOR,2005,108.196556
Norway,NOR,2006,114.72537
Norway,NOR,2007,111.84552
Norway,NOR,2008,123.31775
Norway,NOR,2009,106.1077
Norway,NOR,2010,114.91975
Norway,NOR,2011,124.166626
Norway,NOR,2012,129.02542
Norway,NOR,2013,125.781
Norway,NOR,2014,116.55276
Norway,NOR,2015,97.47578
Norway,NOR,2016,93.00969
Norway,NOR,2017,96.84903
Norway,NOR,2018,103.562225
Norway,NOR,2019,100.325645
Pakistan,PAK,1970,2.9666708
Pakistan,PAK,1971,3.017757
Pakistan,PAK,1972,2.866751
Pakistan,PAK,1973,2.9309175
Pakistan,PAK,1974,2.999609
Pakistan,PAK,1975,3.0776088
Pakistan,PAK,1976,3.1582005
Pakistan,PAK,1977,3.166501
Pakistan,PAK,1978,3.2872465
Pakistan,PAK,1979,3.2886379
Pakistan,PAK,1980,3.4211724
Pakistan,PAK,1981,3.598599
Pakistan,PAK,1982,3.6589348
Pakistan,PAK,1983,3.8796856
Pakistan,PAK,1984,3.977794
Pakistan,PAK,1985,4.1516323
Pakistan,PAK,1986,4.274906
Pakistan,PAK,1987,4.317833
Pakistan,PAK,1988,4.5460234
Pakistan,PAK,1989,4.7451615
Pakistan,PAK,1990,4.7315207
Pakistan,PAK,1991,4.929509
Pakistan,PAK,1992,5.1446376
Pakistan,PAK,1993,5.2175946
Pakistan,PAK,1994,5.111992
Pakistan,PAK,1995,5.34702
Pakistan,PAK,1996,5.436995
Pakistan,PAK,1997,5.207888
Pakistan,PAK,1998,5.3142533
Pakistan,PAK,1999,5.235243
Pakistan,PAK,2000,5.16124
Pakistan,PAK,2001,5.00235
Pakistan,PAK,2002,5.0142965
Pakistan,PAK,2003,4.9974833
Pakistan,PAK,2004,5.2737136
Pakistan,PAK,2005,5.555181
Pakistan,PAK,2006,5.891027
Pakistan,PAK,2007,6.230948
Pakistan,PAK,2008,6.432141
Pakistan,PAK,2009,6.6205926
Pakistan,PAK,2010,6.673804
Pakistan,PAK,2011,7.190615
Pakistan,PAK,2012,7.303584
Pakistan,PAK,2013,7.2498655
Pakistan,PAK,2014,7.532263
Pakistan,PAK,2015,7.966741
Pakistan,PAK,2016,7.953004
Pakistan,PAK,2017,8.322207
Pakistan,PAK,2018,8.668698
Pakistan,PAK,2019,8.772413
Peru,PER,1950,2.6484497
Peru,PER,1951,2.8177915
Peru,PER,1952,2.9344518
Peru,PER,1953,3.0423982
Peru,PER,1954,3.1927836
Peru,PER,1955,3.3117058
Peru,PER,1956,3.371967
Peru,PER,1957,3.5843544
Peru,PER,1958,3.4856973
Peru,PER,1959,3.5018563
Peru,PER,1960,3.8014476
Peru,PER,1961,4.021363
Peru,PER,1962,4.323904
Peru,PER,1963,4.5115204
Peru,PER,1964,4.7517805
Peru,PER,1965,4.9986486
Peru,PER,1966,5.306702
Peru,PER,1967,5.4991684
Peru,PER,1968,5.4132385
Peru,PER,1969,5.5991554
Peru,PER,1970,5.6983523
Peru,PER,1971,5.824227
Peru,PER,1972,5.7678556
Peru,PER,1973,6.054074
Peru,PER,1974,6.346189
Peru,PER,1975,6.5259185
Peru,PER,1976,6.422749
Peru,PER,1977,6.220151
Peru,PER,1978,5.93782
Peru,PER,1979,5.948813
Peru,PER,1980,6.3007164
Peru,PER,1981,6.583321
Peru,PER,1982,6.4475436
Peru,PER,1983,5.7053123
Peru,PER,1984,5.7681093
Peru,PER,1985,5.6652513
Peru,PER,1986,6.0267706
Peru,PER,1987,6.527445
Peru,PER,1988,6.1723676
Peru,PER,1989,5.0469494
Peru,PER,1990,4.977477
Peru,PER,1991,4.8743596
Peru,PER,1992,4.9737883
Peru,PER,1993,5.1729245
Peru,PER,1994,5.73697
Peru,PER,1995,6.102011
Peru,PER,1996,6.2091656
Peru,PER,1997,6.4707785
Peru,PER,1998,6.0912576
Peru,PER,1999,5.917506
Peru,PER,2000,5.830105
Peru,PER,2001,5.7824183
Peru,PER,2002,6.0206456
Peru,PER,2003,6.279441
Peru,PER,2004,6.6183205
Peru,PER,2005,7.1518135
Peru,PER,2006,7.8262706
Peru,PER,2007,8.373975
Peru,PER,2008,8.944306
Peru,PER,2009,8.764146
Peru,PER,2010,9.678762
Peru,PER,2011,10.373608
Peru,PER,2012,10.701444
Peru,PER,2013,10.763198
Peru,PER,2014,10.657607
Peru,PER,2015,10.481914
Peru,PER,2016,10.576797
Peru,PER,2017,10.748999
Peru,PER,2018,10.917692
Peru,PER,2019,11.008161
Philippines,PHL,1970,3.7410529
Philippines,PHL,1971,3.6028402
Philippines,PHL,1972,3.8071616
Philippines,PHL,1973,3.7744696
Philippines,PHL,1974,4.0117893
Philippines,PHL,1975,4.1602697
Philippines,PHL,1976,4.517484
Philippines,PHL,1977,4.5637336
Philippines,PHL,1978,4.373169
Philippines,PHL,1979,4.4381256
Philippines,PHL,1980,4.830546
Philippines,PHL,1981,4.772035
Philippines,PHL,1982,5.0469213
Philippines,PHL,1983,4.5831437
Philippines,PHL,1984,4.139392
Philippines,PHL,1985,3.8855753
Philippines,PHL,1986,3.969068
Philippines,PHL,1987,4.321253
Philippines,PHL,1988,4.616014
Philippines,PHL,1989,4.9365478
Philippines,PHL,1990,5.263715
Philippines,PHL,1991,5.315545
Philippines,PHL,1992,5.355078
Philippines,PHL,1993,5.6790833
Philippines,PHL,1994,6.1158614
Philippines,PHL,1995,6.683218
Philippines,PHL,1996,6.9570694
Philippines,PHL,1997,6.567474
Philippines,PHL,1998,6.0739584
Philippines,PHL,1999,5.740606
Philippines,PHL,2000,5.7828255
Philippines,PHL,2001,5.928682
Philippines,PHL,2002,5.8759704
Philippines,PHL,2003,5.8353586
Philippines,PHL,2004,5.8045473
Philippines,PHL,2005,5.94461
Philippines,PHL,2006,6.157087
Philippines,PHL,2007,6.353869
Philippines,PHL,2008,6.639924
Philippines,PHL,2009,6.683566
Philippines,PHL,2010,7.1145678
Philippines,PHL,2011,7.5580993
Philippines,PHL,2012,7.963308
Philippines,PHL,2013,8.149555
Philippines,PHL,2014,8.372548
Philippines,PHL,2015,8.691644
Philippines,PHL,2016,8.84958
Philippines,PHL,2017,9.45045
Philippines,PHL,2018,9.835632
Philippines,PHL,2019,9.929681
Poland,POL,1995,15.280071
Poland,POL,1996,16.28021
Poland,POL,1997,16.8928
Poland,POL,1998,17.336582
Poland,POL,1999,18.164156
Poland,POL,2000,19.336899
Poland,POL,2001,19.847076
Poland,POL,2002,20.997034
Poland,POL,2003,21.38104
Poland,POL,2004,21.902554
Poland,POL,2005,22.63348
Poland,POL,2006,22.724333
Poland,POL,2007,23.69253
Poland,POL,2008,24.393005
Poland,POL,2009,25.316256
Poland,POL,2010,28.597836
Poland,POL,2011,30.57005
Poland,POL,2012,31.27495
Poland,POL,2013,31.29155
Poland,POL,2014,31.03163
Poland,POL,2015,31.873243
Poland,POL,2016,32.267654
Poland,POL,2017,33.66429
Poland,POL,2018,35.659782
Poland,POL,2019,37.07774
Portugal,PRT,1950,3.2812173
Portugal,PRT,1951,3.6839054
Portugal,PRT,1952,3.8646781
Portugal,PRT,1953,4.084427
Portugal,PRT,1954,4.2859015
Portugal,PRT,1955,4.4716263
Portugal,PRT,1956,4.6974297
Portugal,PRT,1957,5.0341034
Portugal,PRT,1958,4.9388285
Portugal,PRT,1959,5.2168193
Portugal,PRT,1960,5.5631413
Portugal,PRT,1961,5.895242
Portugal,PRT,1962,6.3639197
Portugal,PRT,1963,6.7905793
Portugal,PRT,1964,7.1194415
Portugal,PRT,1965,7.6807976
Portugal,PRT,1966,7.9543943
Portugal,PRT,1967,8.66021
Portugal,PRT,1968,9.9525585
Portugal,PRT,1969,10.373981
Portugal,PRT,1970,11.027276
Portugal,PRT,1971,11.5192
Portugal,PRT,1972,12.343878
Portugal,PRT,1973,13.628658
Portugal,PRT,1974,12.870105
Portugal,PRT,1975,11.889884
Portugal,PRT,1976,12.568412
Portugal,PRT,1977,13.064075
Portugal,PRT,1978,13.388793
Portugal,PRT,1979,13.86648
Portugal,PRT,1980,14.162748
Portugal,PRT,1981,14.097729
Portugal,PRT,1982,14.232082
Portugal,PRT,1983,13.386211
Portugal,PRT,1984,13.023375
Portugal,PRT,1985,13.3922205
Portugal,PRT,1986,14.78374
Portugal,PRT,1987,15.467871
Portugal,PRT,1988,16.510382
Portugal,PRT,1989,17.015308
Portugal,PRT,1990,17.784199
Portugal,PRT,1991,18.72974
Portugal,PRT,1992,19.302189
Portugal,PRT,1993,20.290115
Portugal,PRT,1994,21.667118
Portugal,PRT,1995,22.206059
Portugal,PRT,1996,22.428747
Portugal,PRT,1997,23.751776
Portugal,PRT,1998,24.190683
Portugal,PRT,1999,25.367647
Portugal,PRT,2000,26.207767
Portugal,PRT,2001,25.943388
Portugal,PRT,2002,26.039156
Portugal,PRT,2003,26.247849
Portugal,PRT,2004,26.312006
Portugal,PRT,2005,29.04467
Portugal,PRT,2006,30.45835
Portugal,PRT,2007,30.840103
Portugal,PRT,2008,30.853395
Portugal,PRT,2009,31.094946
Portugal,PRT,2010,32.866035
Portugal,PRT,2011,33.312737
Portugal,PRT,2012,34.97005
Portugal,PRT,2013,34.65448
Portugal,PRT,2014,34.053814
Portugal,PRT,2015,34.318027
Portugal,PRT,2016,34.488335
Portugal,PRT,2017,34.622093
Portugal,PRT,2018,34.43423
Portugal,PRT,2019,35.147415
Romania,ROU,1995,9.537234
Romania,ROU,1996,9.799868
Romania,ROU,1997,9.259782
Romania,ROU,1998,9.025296
Romania,ROU,1999,9.093931
Romania,ROU,2000,9.405514
Romania,ROU,2001,10.246421
Romania,ROU,2002,11.634535
Romania,ROU,2003,12.937392
Romania,ROU,2004,14.169445
Romania,ROU,2005,14.945911
Romania,ROU,2006,17.121294
Romania,ROU,2007,19.056839
Romania,ROU,2008,22.216656
Romania,ROU,2009,22.136011
Romania,ROU,2010,23.572714
Romania,ROU,2011,23.93335
Romania,ROU,2012,25.482965
Romania,ROU,2013,25.733467
Romania,ROU,2014,26.374271
Romania,ROU,2015,28.203129
Romania,ROU,2016,29.556286
Romania,ROU,2017,32.271114
Romania,ROU,2018,33.27176
Romania,ROU,2019,34.723377
Russia,RUS,1992,16.142405
Russia,RUS,1993,14.020465
Russia,RUS,1994,12.63095
Russia,RUS,1995,12.229894
Russia,RUS,1996,12.037783
Russia,RUS,1997,11.550307
Russia,RUS,1998,10.657077
Russia,RUS,1999,10.068819
Russia,RUS,2000,11.213559
Russia,RUS,2001,11.383333
Russia,RUS,2002,11.556682
Russia,RUS,2003,12.55836
Russia,RUS,2004,13.977831
Russia,RUS,2005,15.850032
Russia,RUS,2006,18.233566
Russia,RUS,2007,20.971571
Russia,RUS,2008,24.01428
Russia,RUS,2009,22.15608
Russia,RUS,2010,24.944563
Russia,RUS,2011,28.113
Russia,RUS,2012,29.995682
Russia,RUS,2013,29.840853
Russia,RUS,2014,28.953226
Russia,RUS,2015,25.837358
Russia,RUS,2016,25.788391
Russia,RUS,2017,27.446236
Russia,RUS,2018,29.06468
Russia,RUS,2019,29.547054
Singapore,SGP,1960,3.9006174
Singapore,SGP,1961,4.4178286
Singapore,SGP,1962,4.9932733
Singapore,SGP,1963,5.528052
Singapore,SGP,1964,5.525317
Singapore,SGP,1965,5.802855
Singapore,SGP,1966,6.413456
Singapore,SGP,1967,7.162774
Singapore,SGP,1968,7.757151
Singapore,SGP,1969,8.824212
Singapore,SGP,1970,9.833744
Singapore,SGP,1971,10.4474125
Singapore,SGP,1972,10.551421
Singapore,SGP,1973,11.519184
Singapore,SGP,1974,12.803002
Singapore,SGP,1975,13.638375
Singapore,SGP,1976,14.520831
Singapore,SGP,1977,15.476223
Singapore,SGP,1978,16.928726
Singapore,SGP,1979,18.520247
Singapore,SGP,1980,19.705738
Singapore,SGP,1981,18.166807
Singapore,SGP,1982,18.053377
Singapore,SGP,1983,19.482874
Singapore,SGP,1984,21.38408
Singapore,SGP,1985,20.027134
Singapore,SGP,1986,20.987019
Singapore,SGP,1987,22.492294
Singapore,SGP,1988,23.070465
Singapore,SGP,1989,22.154364
Singapore,SGP,1990,23.198656
Singapore,SGP,1991,21.36511
Singapore,SGP,1992,20.746096
Singapore,SGP,1993,19.97827
Singapore,SGP,1994,18.425158
Singapore,SGP,1995,18.623278
Singapore,SGP,1996,22.307873
Singapore,SGP,1997,21.954796
Singapore,SGP,1998,24.276775
Singapore,SGP,1999,24.299772
Singapore,SGP,2000,30.42399
Singapore,SGP,2001,29.471651
Singapore,SGP,2002,31.106705
Singapore,SGP,2003,30.018806
Singapore,SGP,2004,33.862076
Singapore,SGP,2005,44.355186
Singapore,SGP,2006,46.44072
Singapore,SGP,2007,46.967743
Singapore,SGP,2008,40.87993
Singapore,SGP,2009,39.941437
Singapore,SGP,2010,47.979073
Singapore,SGP,2011,50.826103
Singapore,SGP,2012,49.144577
Singapore,SGP,2013,46.140568
Singapore,SGP,2014,49.082344
Singapore,SGP,2015,48.794605
Singapore,SGP,2016,49.45969
Singapore,SGP,2017,54.29878
Singapore,SGP,2018,55.62514
Singapore,SGP,2019,54.55258
Slovakia,SVK,1990,23.29104
Slovakia,SVK,1991,19.993107
Slovakia,SVK,1992,19.910147
Slovakia,SVK,1993,20.169422
Slovakia,SVK,1994,21.292253
Slovakia,SVK,1995,21.491716
Slovakia,SVK,1996,22.733274
Slovakia,SVK,1997,23.491076
Slovakia,SVK,1998,23.097233
Slovakia,SVK,1999,22.678707
Slovakia,SVK,2000,24.144154
Slovakia,SVK,2001,25.50519
Slovakia,SVK,2002,26.593657
Slovakia,SVK,2003,27.36018
Slovakia,SVK,2004,26.86491
Slovakia,SVK,2005,29.709795
Slovakia,SVK,2006,30.855715
Slovakia,SVK,2007,32.386356
Slovakia,SVK,2008,34.62105
Slovakia,SVK,2009,33.67581
Slovakia,SVK,2010,37.117123
Slovakia,SVK,2011,37.21693
Slovakia,SVK,2012,37.538563
Slovakia,SVK,2013,36.791916
Slovakia,SVK,2014,37.956326
Slovakia,SVK,2015,37.41844
Slovakia,SVK,2016,35.256275
Slovakia,SVK,2017,35.165665
Slovakia,SVK,2018,35.154427
Slovakia,SVK,2019,35.82719
Slovenia,SVN,1995,25.936514
Slovenia,SVN,1996,27.861086
Slovenia,SVN,1997,29.07035
Slovenia,SVN,1998,28.589737
Slovenia,SVN,1999,29.04555
Slovenia,SVN,2000,30.183662
Slovenia,SVN,2001,30.578573
Slovenia,SVN,2002,30.27885
Slovenia,SVN,2003,31.049395
Slovenia,SVN,2004,31.913849
Slovenia,SVN,2005,35.70346
Slovenia,SVN,2006,35.830597
Slovenia,SVN,2007,36.134407
Slovenia,SVN,2008,38.628654
Slovenia,SVN,2009,36.110195
Slovenia,SVN,2010,37.615192
Slovenia,SVN,2011,40.164043
Slovenia,SVN,2012,40.54615
Slovenia,SVN,2013,40.011208
Slovenia,SVN,2014,39.85244
Slovenia,SVN,2015,38.51726
Slovenia,SVN,2016,39.546898
Slovenia,SVN,2017,40.554752
Slovenia,SVN,2018,42.5601
Slovenia,SVN,2019,42.50005
South Africa,ZAF,2001,14.418629
South Africa,ZAF,2002,14.43183
South Africa,ZAF,2003,15.460175
South Africa,ZAF,2004,16.013725
South Africa,ZAF,2005,16.981928
South Africa,ZAF,2006,16.608631
South Africa,ZAF,2007,17.33961
South Africa,ZAF,2008,17.446796
South Africa,ZAF,2009,17.575262
South Africa,ZAF,2010,18.785038
South Africa,ZAF,2011,18.793608
South Africa,ZAF,2012,19.016754
South Africa,ZAF,2013,18.848959
South Africa,ZAF,2014,18.931772
South Africa,ZAF,2016,17.885271
South Africa,ZAF,2017,18.054855
South Africa,ZAF,2018,17.883596
South Africa,ZAF,2019,17.969189
South Korea,KOR,1953,1.5332465
South Korea,KOR,1954,1.5661155
South Korea,KOR,1955,1.6520659
South Korea,KOR,1956,1.6478194
South Korea,KOR,1957,1.7407553
South Korea,KOR,1958,1.7448703
South Korea,KOR,1959,1.7153504
South Korea,KOR,1960,1.668106
South Korea,KOR,1961,1.6948746
South Korea,KOR,1962,1.6225559
South Korea,KOR,1963,1.7192254
South Korea,KOR,1964,1.9007819
South Korea,KOR,1965,1.8195035
South Korea,KOR,1966,2.0271392
South Korea,KOR,1967,2.0386188
South Korea,KOR,1968,2.1282914
South Korea,KOR,1969,2.312431
South Korea,KOR,1970,2.5252032
South Korea,KOR,1971,2.8847992
South Korea,KOR,1972,3.1233468
South Korea,KOR,1973,3.6231813
South Korea,KOR,1974,4.1419706
South Korea,KOR,1975,4.675133
South Korea,KOR,1976,4.8103185
South Korea,KOR,1977,5.1032534
South Korea,KOR,1978,5.353077
South Korea,KOR,1979,5.563102
South Korea,KOR,1980,5.244062
South Korea,KOR,1981,5.425911
South Korea,KOR,1982,5.6521635
South Korea,KOR,1983,6.266925
South Korea,KOR,1984,6.921118
South Korea,KOR,1985,7.040193
South Korea,KOR,1986,7.922647
South Korea,KOR,1987,8.813795
South Korea,KOR,1988,9.890169
South Korea,KOR,1989,10.91254
South Korea,KOR,1990,12.182273
South Korea,KOR,1991,13.509274
South Korea,KOR,1992,14.439435
South Korea,KOR,1993,15.54809
South Korea,KOR,1994,17.106663
South Korea,KOR,1995,18.621534
South Korea,KOR,1996,20.472479
South Korea,KOR,1997,20.179276
South Korea,KOR,1998,19.581148
South Korea,KOR,1999,21.307796
South Korea,KOR,2000,21.869509
South Korea,KOR,2001,22.238785
South Korea,KOR,2002,23.674788
South Korea,KOR,2003,25.069714
South Korea,KOR,2004,26.519978
South Korea,KOR,2005,28.836796
South Korea,KOR,2006,29.512959
South Korea,KOR,2007,31.401978
South Korea,KOR,2008,32.576744
South Korea,KOR,2009,32.299507
South Korea,KOR,2010,34.401585
South Korea,KOR,2011,34.31749
South Korea,KOR,2012,34.104088
South Korea,KOR,2013,33.014214
South Korea,KOR,2014,34.302982
South Korea,KOR,2015,35.88307
South Korea,KOR,2016,36.87733
South Korea,KOR,2017,39.083927
South Korea,KOR,2018,40.092373
South Korea,KOR,2019,40.768528
Spain,ESP,1950,4.2093525
Spain,ESP,1951,4.952261
Spain,ESP,1952,5.182965
Spain,ESP,1953,4.9694395
Spain,ESP,1954,5.531813
Spain,ESP,1955,5.8054724
Spain,ESP,1956,6.18243
Spain,ESP,1957,6.3979545
Spain,ESP,1958,6.5882616
Spain,ESP,1959,6.5457077
Spain,ESP,1960,7.4155407
Spain,ESP,1961,8.220225
Spain,ESP,1962,9.037536
Spain,ESP,1963,9.915869
Spain,ESP,1964,10.606906
Spain,ESP,1965,11.165489
Spain,ESP,1966,11.888808
Spain,ESP,1967,12.342417
Spain,ESP,1968,13.353511
Spain,ESP,1969,14.520748
Spain,ESP,1970,14.90053
Spain,ESP,1971,15.466237
Spain,ESP,1972,16.556398
Spain,ESP,1973,17.43986
Spain,ESP,1974,18.1054
Spain,ESP,1975,18.42838
Spain,ESP,1976,19.413439
Spain,ESP,1977,20.50535
Spain,ESP,1978,22.025837
Spain,ESP,1979,23.301933
Spain,ESP,1980,24.862436
Spain,ESP,1981,24.647726
Spain,ESP,1982,24.323423
Spain,ESP,1983,24.323198
Spain,ESP,1984,25.075632
Spain,ESP,1985,25.155844
Spain,ESP,1986,26.321772
Spain,ESP,1987,27.108795
Spain,ESP,1988,28.179577
Spain,ESP,1989,29.23166
Spain,ESP,1990,29.706087
Spain,ESP,1991,30.560263
Spain,ESP,1992,31.970045
Spain,ESP,1993,33.561295
Spain,ESP,1994,35.232494
Spain,ESP,1995,36.420605
Spain,ESP,1996,37.20397
Spain,ESP,1997,38.65604
Spain,ESP,1998,39.347706
Spain,ESP,1999,39.084496
Spain,ESP,2000,39.56358
Spain,ESP,2001,39.063046
Spain,ESP,2002,39.386444
Spain,ESP,2003,38.99506
Spain,ESP,2004,39.34177
Spain,ESP,2005,42.210934
Spain,ESP,2006,44.520966
Spain,ESP,2007,46.45947
Spain,ESP,2008,47.022587
Spain,ESP,2009,48.159397
Spain,ESP,2010,48.991467
Spain,ESP,2011,49.908657
Spain,ESP,2012,52.12421
Spain,ESP,2013,52.641403
Spain,ESP,2014,52.219486
Spain,ESP,2015,53.697327
Spain,ESP,2016,54.58749
Spain,ESP,2017,56.063015
Spain,ESP,2018,55.855927
Spain,ESP,2019,56.31081
Sri Lanka,LKA,1970,5.7481346
Sri Lanka,LKA,1971,5.553913
Sri Lanka,LKA,1972,5.5919013
Sri Lanka,LKA,1973,5.820993
Sri Lanka,LKA,1974,6.0267286
Sri Lanka,LKA,1975,5.7754326
Sri Lanka,LKA,1976,5.283566
Sri Lanka,LKA,1977,4.9117985
Sri Lanka,LKA,1978,4.8720555
Sri Lanka,LKA,1979,4.426274
Sri Lanka,LKA,1980,4.4011226
Sri Lanka,LKA,1981,4.667469
Sri Lanka,LKA,1982,4.5285296
Sri Lanka,LKA,1983,4.4915776
Sri Lanka,LKA,1984,4.5647106
Sri Lanka,LKA,1985,4.9997396
Sri Lanka,LKA,1986,5.1823993
Sri Lanka,LKA,1987,5.382492
Sri Lanka,LKA,1988,5.466899
Sri Lanka,LKA,1989,5.6409006
Sri Lanka,LKA,1990,5.8184776
Sri Lanka,LKA,1991,5.9432445
Sri Lanka,LKA,1992,6.4665484
Sri Lanka,LKA,1993,6.633952
Sri Lanka,LKA,1994,7.239582
Sri Lanka,LKA,1995,7.3714666
Sri Lanka,LKA,1996,7.525279
Sri Lanka,LKA,1997,7.9399147
Sri Lanka,LKA,1998,7.8684635
Sri Lanka,LKA,1999,7.744222
Sri Lanka,LKA,2000,7.3130565
Sri Lanka,LKA,2001,7.4968944
Sri Lanka,LKA,2002,8.34636
Sri Lanka,LKA,2003,8.783546
Sri Lanka,LKA,2004,8.072611
Sri Lanka,LKA,2005,8.027195
Sri Lanka,LKA,2006,9.716973
Sri Lanka,LKA,2007,10.624909
Sri Lanka,LKA,2008,10.802232
Sri Lanka,LKA,2009,12.216344
Sri Lanka,LKA,2010,12.932431
Sri Lanka,LKA,2011,13.874193
Sri Lanka,LKA,2012,15.157523
Sri Lanka,LKA,2013,16.48785
Sri Lanka,LKA,2014,16.443434
Sri Lanka,LKA,2015,16.714605
Sri Lanka,LKA,2016,17.275408
Sri Lanka,LKA,2017,17.048513
Sri Lanka,LKA,2018,17.891243
Sri Lanka,LKA,2019,18.01952
Sweden,SWE,1950,10.858836
Sweden,SWE,1951,11.14681
Sweden,SWE,1952,11.347253
Sweden,SWE,1953,11.91346
Sweden,SWE,1954,12.356361
Sweden,SWE,1955,12.658132
Sweden,SWE,1956,13.052118
Sweden,SWE,1957,13.279284
Sweden,SWE,1958,13.727326
Sweden,SWE,1959,14.528428
Sweden,SWE,1960,14.594508
Sweden,SWE,1961,15.391919
Sweden,SWE,1962,16.01954
Sweden,SWE,1963,16.832603
Sweden,SWE,1964,18.094172
Sweden,SWE,1965,18.662718
Sweden,SWE,1966,19.11123
Sweden,SWE,1967,20.401386
Sweden,SWE,1968,21.418922
Sweden,SWE,1969,22.314129
Sweden,SWE,1970,23.598629
Sweden,SWE,1971,24.413507
Sweden,SWE,1972,25.53271
Sweden,SWE,1973,26.78763
Sweden,SWE,1974,27.168604
Sweden,SWE,1975,27.59229
Sweden,SWE,1976,27.491
Sweden,SWE,1977,27.374071
Sweden,SWE,1978,28.62475
Sweden,SWE,1979,29.242931
Sweden,SWE,1980,29.056602
Sweden,SWE,1981,29.637472
Sweden,SWE,1982,29.726414
Sweden,SWE,1983,30.272861
Sweden,SWE,1984,31.454865
Sweden,SWE,1985,31.78546
Sweden,SWE,1986,33.885395
Sweden,SWE,1987,34.909298
Sweden,SWE,1988,35.362347
Sweden,SWE,1989,35.823856
Sweden,SWE,1990,36.176434
Sweden,SWE,1991,36.896164
Sweden,SWE,1992,37.865353
Sweden,SWE,1993,37.79536
Sweden,SWE,1994,39.588776
Sweden,SWE,1995,41.539886
Sweden,SWE,1996,42.876877
Sweden,SWE,1997,44.848827
Sweden,SWE,1998,45.998344
Sweden,SWE,1999,47.301346
Sweden,SWE,2000,49.93068
Sweden,SWE,2001,48.27664
Sweden,SWE,2002,49.211044
Sweden,SWE,2003,51.32245
Sweden,SWE,2004,53.313663
Sweden,SWE,2005,55.468353
Sweden,SWE,2006,56.860283
Sweden,SWE,2007,58.842804
Sweden,SWE,2008,59.523712
Sweden,SWE,2009,57.281887
Sweden,SWE,2010,58.980328
Sweden,SWE,2011,61.892174
Sweden,SWE,2012,62.106907
Sweden,SWE,2013,61.808903
Sweden,SWE,2014,61.54204
Sweden,SWE,2015,63.007225
Sweden,SWE,2016,62.609314
Sweden,SWE,2017,64.33747
Sweden,SWE,2018,63.764103
Sweden,SWE,2019,65.53587
Switzerland,CHE,1950,15.77341
Switzerland,CHE,1951,16.673876
Switzerland,CHE,1952,16.399836
Switzerland,CHE,1953,16.989468
Switzerland,CHE,1954,18.031937
Switzerland,CHE,1955,19.082586
Switzerland,CHE,1956,19.974682
Switzerland,CHE,1957,20.342276
Switzerland,CHE,1958,19.803474
Switzerland,CHE,1959,21.428202
Switzerland,CHE,1960,22.737736
Switzerland,CHE,1961,23.567085
Switzerland,CHE,1962,23.763697
Switzerland,CHE,1963,24.445429
Switzerland,CHE,1964,25.46338
Switzerland,CHE,1965,26.199947
Switzerland,CHE,1966,26.889849
Switzerland,CHE,1967,27.606853
Switzerland,CHE,1968,28.411537
Switzerland,CHE,1969,29.497551
Switzerland,CHE,1970,30.962076
Switzerland,CHE,1971,31.940605
Switzerland,CHE,1972,32.9581
Switzerland,CHE,1973,34.049995
Switzerland,CHE,1974,35.011158
Switzerland,CHE,1975,33.099533
Switzerland,CHE,1976,33.395935
Switzerland,CHE,1977,34.412994
Switzerland,CHE,1978,35.13215
Switzerland,CHE,1979,36.428448
Switzerland,CHE,1980,37.88578
Switzerland,CHE,1981,37.585957
Switzerland,CHE,1982,37.518948
Switzerland,CHE,1983,38.167744
Switzerland,CHE,1984,38.62007
Switzerland,CHE,1985,38.904556
Switzerland,CHE,1986,40.513836
Switzerland,CHE,1987,40.41738
Switzerland,CHE,1988,40.27111
Switzerland,CHE,1989,41.45908
Switzerland,CHE,1990,42.746082
Switzerland,CHE,1991,41.561443
Switzerland,CHE,1992,42.012085
Switzerland,CHE,1993,42.976044
Switzerland,CHE,1994,43.79015
Switzerland,CHE,1995,45.12358
Switzerland,CHE,1996,46.428757
Switzerland,CHE,1997,48.614483
Switzerland,CHE,1998,49.182507
Switzerland,CHE,1999,49.913273
Switzerland,CHE,2000,50.3207
Switzerland,CHE,2001,50.60761
Switzerland,CHE,2002,51.1782
Switzerland,CHE,2003,51.978863
Switzerland,CHE,2004,52.806225
Switzerland,CHE,2005,57.021378
Switzerland,CHE,2006,59.944504
Switzerland,CHE,2007,64.84992
Switzerland,CHE,2008,68.55738
Switzerland,CHE,2009,67.56619
Switzerland,CHE,2010,70.88482
Switzerland,CHE,2011,76.303345
Switzerland,CHE,2012,78.00944
Switzerland,CHE,2013,77.79825
Switzerland,CHE,2014,78.753746
Switzerland,CHE,2015,77.436226
Switzerland,CHE,2016,77.82247
Switzerland,CHE,2017,80.58823
Switzerland,CHE,2018,81.968315
Switzerland,CHE,2019,82.918655
Taiwan,TWN,1951,1.7312752
Taiwan,TWN,1952,1.9633273
Taiwan,TWN,1953,2.1465368
Taiwan,TWN,1954,2.3178558
Taiwan,TWN,1955,2.4711213
Taiwan,TWN,1956,2.641868
Taiwan,TWN,1957,2.8316276
Taiwan,TWN,1958,3.0093148
Taiwan,TWN,1959,3.269034
Taiwan,TWN,1960,3.475266
Taiwan,TWN,1961,3.660054
Taiwan,TWN,1962,3.8001552
Taiwan,TWN,1963,4.036154
Taiwan,TWN,1964,4.502321
Taiwan,TWN,1965,5.0955157
Taiwan,TWN,1966,5.366586
Taiwan,TWN,1967,5.791475
Taiwan,TWN,1968,6.168899
Taiwan,TWN,1969,6.5292196
Taiwan,TWN,1970,7.1502995
Taiwan,TWN,1971,7.8370457
Taiwan,TWN,1972,8.540299
Taiwan,TWN,1973,9.067833
Taiwan,TWN,1974,9.318994
Taiwan,TWN,1975,9.282202
Taiwan,TWN,1976,10.448288
Taiwan,TWN,1977,10.780841
Taiwan,TWN,1978,11.854256
Taiwan,TWN,1979,12.4104
Taiwan,TWN,1980,13.274427
Taiwan,TWN,1981,13.874406
Taiwan,TWN,1982,14.226761
Taiwan,TWN,1983,14.790896
Taiwan,TWN,1984,15.579275
Taiwan,TWN,1985,15.57345
Taiwan,TWN,1986,17.022797
Taiwan,TWN,1987,18.705236
Taiwan,TWN,1988,20.102743
Taiwan,TWN,1989,21.682493
Taiwan,TWN,1990,23.624458
Taiwan,TWN,1991,25.034227
Taiwan,TWN,1992,26.252848
Taiwan,TWN,1993,27.145975
Taiwan,TWN,1994,28.447737
Taiwan,TWN,1995,29.068552
Taiwan,TWN,1996,31.709291
Taiwan,TWN,1997,34.076534
Taiwan,TWN,1998,34.718487
Taiwan,TWN,1999,36.13546
Taiwan,TWN,2000,37.698467
Taiwan,TWN,2001,38.410152
Taiwan,TWN,2002,39.60988
Taiwan,TWN,2003,39.98505
Taiwan,TWN,2004,40.77388
Taiwan,TWN,2005,43.20862
Taiwan,TWN,2006,42.848755
Taiwan,TWN,2007,43.57065
Taiwan,TWN,2008,42.69296
Taiwan,TWN,2009,41.856335
Taiwan,TWN,2010,44.5601
Taiwan,TWN,2011,45.668552
Taiwan,TWN,2012,45.23482
Taiwan,TWN,2013,44.61669
Taiwan,TWN,2015,43.036137
Taiwan,TWN,2016,43.07984
Taiwan,TWN,2017,44.999302
Taiwan,TWN,2018,45.001755
Taiwan,TWN,2019,46.014313
Thailand,THA,1970,2.4565363
Thailand,THA,1971,2.513515
Thailand,THA,1972,2.6661272
Thailand,THA,1973,2.6904776
Thailand,THA,1974,2.7070975
Thailand,THA,1975,2.8011901
Thailand,THA,1976,2.9758074
Thailand,THA,1977,3.2212675
Thailand,THA,1978,3.2475424
Thailand,THA,1979,3.3730059
Thailand,THA,1980,3.2158048
Thailand,THA,1981,3.4119394
Thailand,THA,1982,3.8682032
Thailand,THA,1983,3.3342357
Thailand,THA,1984,3.2987711
Thailand,THA,1985,3.4396014
Thailand,THA,1986,3.3923655
Thailand,THA,1987,3.576176
Thailand,THA,1988,3.7633352
Thailand,THA,1989,3.9215462
Thailand,THA,1990,4.526281
Thailand,THA,1991,4.676503
Thailand,THA,1992,4.9308076
Thailand,THA,1993,5.5268965
Thailand,THA,1994,5.9042473
Thailand,THA,1995,6.5853
Thailand,THA,1996,7.4958553
Thailand,THA,1997,6.877873
Thailand,THA,1998,5.889067
Thailand,THA,1999,6.183715
Thailand,THA,2000,6.1977625
Thailand,THA,2001,6.5658803
Thailand,THA,2002,6.9211497
Thailand,THA,2003,7.300802
Thailand,THA,2004,7.6645355
Thailand,THA,2005,8.444663
Thailand,THA,2006,8.8521385
Thailand,THA,2007,9.2954645
Thailand,THA,2008,9.652878
Thailand,THA,2009,9.282351
Thailand,THA,2010,10.453212
Thailand,THA,2011,11.046585
Thailand,THA,2012,12.355092
Thailand,THA,2013,12.694019
Thailand,THA,2014,12.534133
Thailand,THA,2015,12.897164
Thailand,THA,2016,13.135729
Thailand,THA,2017,14.745839
Thailand,THA,2018,14.859359
Thailand,THA,2019,15.167234
Trinidad and Tobago,TTO,1991,22.889187
Trinidad and Tobago,TTO,1992,21.78846
Trinidad and Tobago,TTO,1993,20.282984
Trinidad and Tobago,TTO,1994,19.54792
Trinidad and Tobago,TTO,1995,18.79509
Trinidad and Tobago,TTO,1996,17.768461
Trinidad and Tobago,TTO,1997,17.40852
Trinidad and Tobago,TTO,1998,16.4345
Trinidad and Tobago,TTO,1999,18.962158
Trinidad and Tobago,TTO,2000,22.101263
Trinidad and Tobago,TTO,2001,20.48534
Trinidad and Tobago,TTO,2002,21.240498
Turkey,TUR,1970,10.601305
Turkey,TUR,1971,10.768229
Turkey,TUR,1972,11.473463
Turkey,TUR,1973,11.864732
Turkey,TUR,1974,13.271403
Turkey,TUR,1975,14.196969
Turkey,TUR,1976,15.674814
Turkey,TUR,1977,15.050656
Turkey,TUR,1978,14.478953
Turkey,TUR,1979,14.118378
Turkey,TUR,1980,13.800844
Turkey,TUR,1981,15.372226
Turkey,TUR,1982,14.731944
Turkey,TUR,1983,15.183311
Turkey,TUR,1984,16.2663
Turkey,TUR,1985,16.364235
Turkey,TUR,1986,16.780891
Turkey,TUR,1987,18.249243
Turkey,TUR,1988,17.687508
Turkey,TUR,1989,17.013956
Turkey,TUR,1990,18.645437
Turkey,TUR,1991,17.0931
Turkey,TUR,1992,17.62716
Turkey,TUR,1993,20.266287
Turkey,TUR,1994,17.478455
Turkey,TUR,1995,19.02518
Turkey,TUR,1996,20.25807
Turkey,TUR,1997,21.55358
Turkey,TUR,1998,20.888668
Turkey,TUR,1999,19.306677
Turkey,TUR,2000,21.29033
Turkey,TUR,2001,20.841036
Turkey,TUR,2002,20.80566
Turkey,TUR,2003,20.569073
Turkey,TUR,2004,23.346582
Turkey,TUR,2005,25.003391
Turkey,TUR,2006,27.891794
Turkey,TUR,2007,30.429176
Turkey,TUR,2008,31.903471
Turkey,TUR,2009,31.13515
Turkey,TUR,2010,33.744137
Turkey,TUR,2011,35.660713
Turkey,TUR,2012,36.57103
Turkey,TUR,2013,38.42478
Turkey,TUR,2014,39.79341
Turkey,TUR,2015,41.47944
Turkey,TUR,2016,40.536507
Turkey,TUR,2017,41.799202
Turkey,TUR,2018,43.00543
Turkey,TUR,2019,43.692204
United Kingdom,GBR,1950,10.331418
United Kingdom,GBR,1951,10.466235
United Kingdom,GBR,1952,10.593669
United Kingdom,GBR,1953,11.059659
United Kingdom,GBR,1954,11.30144
United Kingdom,GBR,1955,11.641586
United Kingdom,GBR,1956,11.858819
United Kingdom,GBR,1957,12.199872
United Kingdom,GBR,1958,12.563811
United Kingdom,GBR,1959,13.220182
United Kingdom,GBR,1960,13.684072
United Kingdom,GBR,1961,14.121128
United Kingdom,GBR,1962,14.465169
United Kingdom,GBR,1963,15.071082
United Kingdom,GBR,1964,15.790694
United Kingdom,GBR,1965,16.23007
United Kingdom,GBR,1966,16.954702
United Kingdom,GBR,1967,17.71465
United Kingdom,GBR,1968,18.621292
United Kingdom,GBR,1969,19.06971
United Kingdom,GBR,1970,20.08753
United Kingdom,GBR,1971,21.08466
United Kingdom,GBR,1972,21.464174
United Kingdom,GBR,1973,22.490616
United Kingdom,GBR,1974,21.869186
United Kingdom,GBR,1975,21.895576
United Kingdom,GBR,1976,23.206436
United Kingdom,GBR,1977,24.14847
United Kingdom,GBR,1978,25.635654
United Kingdom,GBR,1979,26.88557
United Kingdom,GBR,1980,27.886408
United Kingdom,GBR,1981,28.654884
United Kingdom,GBR,1982,29.300915
United Kingdom,GBR,1983,30.296846
United Kingdom,GBR,1984,29.932909
United Kingdom,GBR,1985,30.047451
United Kingdom,GBR,1986,30.333141
United Kingdom,GBR,1987,31.004234
United Kingdom,GBR,1988,30.986446
United Kingdom,GBR,1989,30.594942
United Kingdom,GBR,1990,31.00492
United Kingdom,GBR,1991,31.34582
United Kingdom,GBR,1992,32.18279
United Kingdom,GBR,1993,33.45371
United Kingdom,GBR,1994,33.91728
United Kingdom,GBR,1995,36.779327
United Kingdom,GBR,1996,38.637474
United Kingdom,GBR,1997,40.242714
United Kingdom,GBR,1998,41.010826
United Kingdom,GBR,1999,42.357723
United Kingdom,GBR,2000,44.76795
United Kingdom,GBR,2001,45.33829
United Kingdom,GBR,2002,45.502758
United Kingdom,GBR,2003,46.255444
United Kingdom,GBR,2004,46.993843
United Kingdom,GBR,2005,49.651768
United Kingdom,GBR,2006,50.061077
United Kingdom,GBR,2007,49.39457
United Kingdom,GBR,2008,50.692265
United Kingdom,GBR,2009,48.38714
United Kingdom,GBR,2010,51.329544
United Kingdom,GBR,2011,51.850594
United Kingdom,GBR,2012,52.153336
United Kingdom,GBR,2013,53.171543
United Kingdom,GBR,2014,52.07599
United Kingdom,GBR,2015,53.37609
United Kingdom,GBR,2016,53.079872
United Kingdom,GBR,2017,54.676918
United Kingdom,GBR,2018,54.799587
United Kingdom,GBR,2019,54.34881
United States,USA,1950,19.803486
United States,USA,1951,20.120426
United States,USA,1952,20.598131
United States,USA,1953,21.30933
United States,USA,1954,21.892582
United States,USA,1955,22.800766
United States,USA,1956,22.947628
United States,USA,1957,23.664543
United States,USA,1958,24.276978
United States,USA,1959,25.127491
United States,USA,1960,25.648903
United States,USA,1961,26.486559
United States,USA,1962,27.38961
United States,USA,1963,28.385633
United States,USA,1964,29.319862
United States,USA,1965,30.187088
United States,USA,1966,31.040636
United States,USA,1967,31.453077
United States,USA,1968,32.355244
United States,USA,1969,32.59705
United States,USA,1970,33.242287
United States,USA,1971,34.63091
United States,USA,1972,35.618088
United States,USA,1973,36.66489
United States,USA,1974,36.2089
United States,USA,1975,37.12749
United States,USA,1976,38.141457
United States,USA,1977,38.626003
United States,USA,1978,39.1048
United States,USA,1979,39.33189
United States,USA,1980,39.362434
United States,USA,1981,40.185394
United States,USA,1982,39.999233
United States,USA,1983,41.048336
United States,USA,1984,42.035206
United States,USA,1985,42.535244
United States,USA,1986,43.41627
United States,USA,1987,43.60946
United States,USA,1988,44.175945
United States,USA,1989,44.53704
United States,USA,1990,45.16287
United States,USA,1991,45.744625
United States,USA,1992,47.651917
United States,USA,1993,48.10981
United States,USA,1994,48.650463
United States,USA,1995,49.04458
United States,USA,1996,50.09086
United States,USA,1997,51.070477
United States,USA,1998,52.246185
United States,USA,1999,53.717453
United States,USA,2000,55.11331
United States,USA,2001,56.182423
United States,USA,2002,57.68048
United States,USA,2003,59.586433
United States,USA,2004,61.241177
United States,USA,2005,62.52242
United States,USA,2006,63.186916
United States,USA,2007,63.884613
United States,USA,2008,64.56712
United States,USA,2009,66.34159
United States,USA,2010,68.20562
United States,USA,2011,68.31264
United States,USA,2012,68.82278
United States,USA,2013,69.43636
United States,USA,2014,70.00538
United States,USA,2015,70.63671
United States,USA,2016,70.92089
United States,USA,2017,71.63857
United States,USA,2018,72.48703
United States,USA,2019,73.7004
Uruguay,URY,1990,13.299828
Uruguay,URY,1991,13.903573
Uruguay,URY,1992,15.332535
Uruguay,URY,1993,16.012783
Uruguay,URY,1994,16.9259
Uruguay,URY,1995,16.467913
Uruguay,URY,1996,17.332657
Uruguay,URY,1997,17.354332
Uruguay,URY,1998,17.478636
Uruguay,URY,1999,16.867584
Uruguay,URY,2000,16.522802
Uruguay,URY,2001,16.101044
Uruguay,URY,2002,15.725895
Uruguay,URY,2003,15.925493
Uruguay,URY,2004,15.562443
Uruguay,URY,2005,16.295483
Uruguay,URY,2006,16.68038
Uruguay,URY,2007,17.82848
Uruguay,URY,2008,19.192266
Uruguay,URY,2009,20.335516
Uruguay,URY,2010,23.218733
Uruguay,URY,2011,24.969807
Uruguay,URY,2012,25.788666
Uruguay,URY,2013,26.35496
Uruguay,URY,2014,27.157722
Uruguay,URY,2015,27.477356
Uruguay,URY,2016,27.915611
Uruguay,URY,2017,28.295845
Uruguay,URY,2018,28.267454
Uruguay,URY,2019,28.378277
Venezuela,VEN,1950,8.828285
Venezuela,VEN,1951,9.514012
Venezuela,VEN,1952,10.618969
Venezuela,VEN,1953,10.667643
Venezuela,VEN,1954,11.500893
Venezuela,VEN,1955,11.91255
Venezuela,VEN,1956,12.527544
Venezuela,VEN,1957,13.383218
Venezuela,VEN,1958,13.79243
Venezuela,VEN,1959,14.095871
Venezuela,VEN,1960,12.894877
Venezuela,VEN,1961,13.00281
Venezuela,VEN,1962,13.634249
Venezuela,VEN,1963,14.300011
Venezuela,VEN,1964,15.501996
Venezuela,VEN,1965,15.626375
Venezuela,VEN,1966,15.383903
Venezuela,VEN,1967,15.57774
Venezuela,VEN,1968,16.987415
Venezuela,VEN,1969,17.592003
Venezuela,VEN,1970,19.44451
Venezuela,VEN,1971,18.209164
Venezuela,VEN,1972,18.179869
Venezuela,VEN,1973,19.331163
Venezuela,VEN,1974,22.671999
Venezuela,VEN,1975,21.306314
Venezuela,VEN,1976,22.839758
Venezuela,VEN,1977,23.321024
Venezuela,VEN,1978,21.663076
Venezuela,VEN,1979,22.254908
Venezuela,VEN,1980,19.492306
Venezuela,VEN,1981,18.939642
Venezuela,VEN,1982,17.599707
Venezuela,VEN,1983,17.762857
Venezuela,VEN,1984,18.163025
Venezuela,VEN,1985,16.658176
Venezuela,VEN,1986,14.904936
Venezuela,VEN,1987,14.518197
Venezuela,VEN,1988,14.213692
Venezuela,VEN,1989,13.380918
Venezuela,VEN,1990,13.782229
Venezuela,VEN,1991,14.263082
Venezuela,VEN,1992,14.305857
Venezuela,VEN,1993,13.359987
Venezuela,VEN,1994,12.315057
Venezuela,VEN,1995,12.324745
Venezuela,VEN,1996,11.986189
Venezuela,VEN,1997,11.541097
Venezuela,VEN,1998,10.0934515
Venezuela,VEN,1999,10.557389
Venezuela,VEN,2000,12.499258
Venezuela,VEN,2001,11.6547985
Venezuela,VEN,2002,10.873657
Venezuela,VEN,2003,10.620219
Venezuela,VEN,2004,12.628008
Venezuela,VEN,2005,15.701362
Venezuela,VEN,2006,17.796515
Vietnam,VNM,1970,0.8612904
Vietnam,VNM,1971,0.884889
Vietnam,VNM,1972,1.0250126
Vietnam,VNM,1973,0.96589863
Vietnam,VNM,1974,0.96174157
Vietnam,VNM,1975,0.83266914
Vietnam,VNM,1976,0.9264008
Vietnam,VNM,1977,1.0548981
Vietnam,VNM,1978,1.0408705
Vietnam,VNM,1979,1.0948144
Vietnam,VNM,1980,1.1113576
Vietnam,VNM,1981,1.1276174
Vietnam,VNM,1982,1.1103384
Vietnam,VNM,1983,1.1524781
Vietnam,VNM,1984,1.2128034
Vietnam,VNM,1985,1.2438431
Vietnam,VNM,1986,1.2473692
Vietnam,VNM,1987,1.2508391
Vietnam,VNM,1988,1.27973
Vietnam,VNM,1989,1.2303238
Vietnam,VNM,1990,1.248242
Vietnam,VNM,1991,1.3763326
Vietnam,VNM,1992,1.4473767
Vietnam,VNM,1993,1.6003783
Vietnam,VNM,1994,1.6578928
Vietnam,VNM,1995,1.7611171
Vietnam,VNM,1996,1.9628545
Vietnam,VNM,1997,2.0946474
Vietnam,VNM,1998,2.0764184
Vietnam,VNM,1999,2.0388327
Vietnam,VNM,2000,2.1008787
Vietnam,VNM,2001,2.3221524
Vietnam,VNM,2002,2.4716961
Vietnam,VNM,2003,2.5970147
Vietnam,VNM,2004,2.7989905
Vietnam,VNM,2005,3.0270452
Vietnam,VNM,2006,3.0816696
Vietnam,VNM,2007,3.380881
Vietnam,VNM,2008,3.399545
Vietnam,VNM,2009,3.2103312
Vietnam,VNM,2010,3.712698
Vietnam,VNM,2011,3.8844273
Vietnam,VNM,2012,4.0761576
Vietnam,VNM,2013,4.3015313
Vietnam,VNM,2014,4.804195
Vietnam,VNM,2015,4.946606
Vietnam,VNM,2016,5.1569247
Vietnam,VNM,2017,5.652919
Vietnam,VNM,2018,5.982665
Vietnam,VNM,2019,6.739149